id,Country,iso3,State,Region,Date,Measure_L1,Measure_L2,Measure_L3,Measure_L4,Status,Comment,Source
1907,Italy,ITA,Italy,Italy,2020-01-21,"Case identification, contact tracing and related measures",Quarantine,Incomings from high-risk areas,Active surveillance,,It provides active surveillance with fiduciary home permanence for those who have been in risk areas in the last 14 days with the obligation of reporting by the person concerned to the local health authorities.��,http://www.salute.gov.it/portale/news/p3_2_4_1_1.jsp?lingua=italiano&menu=salastampa&p=comunicatistampa&id=5451
1908,Italy,ITA,Italy,Italy,2020-01-22,Resource allocation,Activate or establish emergency response,Risk management plan,Set up crisis unit (national),,"This morning, the Task Force met at the Ministry of Health to coordinate every initiative related to the 2019-nCoV coronavirus phenomenon.",http://www.salute.gov.it/portale/news/p3_2_4_1_1.jsp?lingua=italiano&menu=salastampa&p=comunicatistampa&id=5373
1909,Italy,ITA,Italy,Italy,2020-01-22,"Case identification, contact tracing and related measures",Airport health check,Specific health channel for travellers,Air passengers arriving from Wuhan,,A specific health channel is already active for all travellers from the Chinese city of Wuhan.,http://www.salute.gov.it/portale/news/p3_2_4_1_1.jsp?lingua=italiano&menu=salastampa&p=comunicatistampa&id=5373
1910,Italy,ITA,Italy,Italy,2020-01-23,Risk communication,Actively communicate with healthcare professionals,"Sensitization of hospital, medico-social and liberal health professionals",,,"It was also agreed to issue a circular to the institutions, bodies and professional organizations concerned prepared by the Directorate-General for Prevention containing operational indications.",http://www.salute.gov.it/portale/news/p3_2_4_1_1.jsp?lingua=italiano&menu=salastampa&p=comunicatistampa&id=5373
1911,Italy,ITA,Italy,Rome Fiumicino airport,2020-01-23,"Case identification, contact tracing and related measures",Airport health check,Temperature screening at airport,Measure temperature of all passengers,,"Coronavirus, checks with thermal scanners in Italian airports (date uncertain)",https://time.com/5769509/airlines-airports-china-coronavirus-screenings/ --- https://www.corriere.it/cronache/20_febbraio_04/coronavirus-controlli-gli-scanner-termici-aeroporti-italiani-c10b73d2-4796-11ea-bec1-6ac729c309c6.shtml
1912,Italy,ITA,Italy,Italy,2020-01-25,Risk communication,Actively communicate with managers,Direct government communication,Meeting with regional representatives,,"A meeting with the representatives of the Regions is also underway in the presence of Minister Roberto Speranza, always at the Ministry of Health, in order to manage the coordination of the provisions adopted in these days in the territory and the communication of the evolution of the situation.",http://www.salute.gov.it/portale/news/p3_2_4_1_1.jsp?lingua=italiano&menu=salastampa&p=comunicatistampa&id=5377
1913,Italy,ITA,Italy,Rome Fiumicino and Milano Malpensa airports,2020-01-26,Healthcare and public health capacity,Increase healthcare workforce,Mobilization of domestic resources for health,Nurses at the airports,,The endowments of medical and nursing staff have been strengthened and controls have been intensified at the airports of Rome Fiumicino and Milan Malpensa where everything is proceeding regularly.,http://www.salute.gov.it/portale/news/p3_2_4_1_1.jsp?lingua=italiano&menu=salastampa&p=comunicatistampa&id=5376
1914,Italy,ITA,Italy,Italy,2020-01-27,Risk communication,Educate and actively communicate with the public,Answer to questions,Telephone hotline covid-19,,,http://www.salute.gov.it/portale/news/p3_2_4_1_1.jsp?lingua=italiano&menu=salastampa&p=comunicatistampa&id=5382
1915,Italy,ITA,Italy,Milano Malpensa and Rome Fiumicino airports,2020-01-27,Healthcare and public health capacity,Increase healthcare workforce,Train medical staff especially for covid-19,Exercises,,training for medical staff in the airports,http://www.salute.gov.it/portale/news/p3_2_4_1_1.jsp?lingua=italiano&menu=salastampa&p=comunicatistampa&id=5376
1916,Italy,ITA,Italy,Rome Fiumicino airports,2020-01-30,Travel restriction,Airport restriction,Cancellation of international flights,Partial cancellation of international flights: China,,Air traffic suspended to and from China due to novel coronavirus as of January 30,https://www.garda.com/crisis24/news-alerts/310131/italy-air-traffic-suspended-to-and-from-china-due-to-novel-coronavirus-as-of-january-30
1917,Italy,ITA,Italy,Italy,2020-01-30,Risk communication,Educate and actively communicate with the public,Answer to questions,Telephone hotline covid-19,,reinforcement of the hotline,http://www.salute.gov.it/portale/news/p3_2_4_1_1.jsp?lingua=italiano&menu=salastampa&p=comunicatistampa&id=5392
1918,Italy,ITA,Italy,Italy,2020-01-31,Resource allocation,Activate or establish emergency response,Declare state of emergency,,,"Head of Civil Protection since 2017, Angelo Borrelli was appointed Commissioner for the management of the coronavirus emergency after the government declared a state of emergency",https://tg24.sky.it/politica/approfondimenti/angelo-borrelli-chi-e.html
1919,Italy,ITA,Italy,Italy,2020-02-03,Social distancing,Return operation of nationals,Return operation of nationals in Wuhan and/or Hubei,Special measure: Quarantine,,First flight with Italians living in Wuhan land in Rome and are quarantined,https://www.ansa.it/english/news/2020/02/03/italian-group-back-from-wuhan-put-under-observation_77e0cd09-ba9f-4b33-922f-9c30eda78df1.html
1920,Italy,ITA,Italy,Italy,2020-02-04,"Case identification, contact tracing and related measures",Airport health check,Health questionnaire in the plane or at the airport,All airports,,Italian government implements thermal screenings at air and maritime ports of entry February 5. first Italian national tests positive for 2019-nCoV,http://www.salute.gov.it/portale/news/p3_2_4_1_1.jsp?lingua=italiano&menu=salastampa&p=comunicatistampa&id=5405
1921,Italy,ITA,Italy,Italy,2020-02-04,"Case identification, contact tracing and related measures",Border health check,Temperature screening at the border,Temperature screening at ports,,Italian government implements thermal screenings at air and maritime ports of entry February 5. first Italian national tests positive for 2019-nCoV,http://www.salute.gov.it/portale/news/p3_2_4_1_1.jsp?lingua=italiano&menu=salastampa&p=comunicatistampa&id=5405
1922,Italy,ITA,Italy,Italy,2020-02-04,Risk communication,Educate and actively communicate with the public,Direct government communication,Twitter,,The searches for corona on Twitter will suggest the health ministery website,https://twitter.com/hashtag/italycoronavirus?lang=en
1923,Italy,ITA,Italy,Rome Fiumicino,2020-02-04,"Case identification, contact tracing and related measures",Airport health check,Temperature screening at airport,Measure temperature of all passengers,,"In Rome Fiumicino, sanitary corridors and thermal scanners are being activated on all arrivals.",http://www.salute.gov.it/portale/news/p3_2_4_1_1.jsp?lingua=italiano&menu=salastampa&p=comunicatistampa&id=5405
1924,Italy,ITA,Italy,Italy,2020-02-07,Risk communication,Educate and actively communicate with the public,Information campaign,Facebook,,,http://www.salute.gov.it/portale/news/p3_2_4_1_1.jsp?lingua=italiano&menu=salastampa&p=comunicatistampa&id=5415
1925,Italy,ITA,Italy,Italy,2020-02-08,"Case identification, contact tracing and related measures",Quarantine,Nationals coming from high-risk areas,Health monitoring,,"The precautionary measure envisaged in these cases is that of active, daily surveillance by the ""Department of Prevention of the local health authority"" activated by the head teacher on the recommendation of the family. This monitoring consists in the punctual verification of the fever and the typical symptoms of the new coronavirus 2019-nCoV. the Department favors a ""voluntary fiduciary permanence"" at home until the completion of the 14-day period from departure from China",http://www.salute.gov.it/portale/news/p3_2_4_1_1.jsp?lingua=italiano&menu=salastampa&p=comunicatistampa&id=5418
1926,Italy,ITA,Italy,Rome,2020-02-08,"Case identification, contact tracing and related measures",Isolation of cases,,,,"Among the 56 returnees from Whuan, a woman with only conjunctivitis, although negative to the test of new coronavirus 2019-nCoV, was transferred, as a precaution, to the National Institute for Infectious Diseases Lazzaro Spallanzani in Rome for further investigations.",http://www.salute.gov.it/portale/news/p3_2_4_1_1.jsp?lingua=italiano&menu=salastampa&p=comunicatistampa&id=5417
1927,Italy,ITA,Italy,Italy,2020-02-21,"Case identification, contact tracing and related measures",Quarantine,Contact persons,,,"Following the morning meeting of the technical-scientific committee that investigated reports of new cases of Covid-19 coronavirus, the Minister of Health, Roberto Speranza, issued a new ordinance. It provides mandatory quarantine isolation measures for close contacts with a positive case.",http://www.salute.gov.it/portale/news/p3_2_4_1_1.jsp?lingua=italiano&menu=salastampa&p=comunicatistampa&id=5451
1928,Italy,ITA,Italy,"ten municipalities ( Codogno , Castiglione d'Adda , Casalpusterlengo, Fombio , Maleo , Somaglia , Bertonico , Terranova dei Passerini , Castelgerundo and San Fiorano )",2020-02-21,Social distancing,Small gathering cancellation,Complete prohibition of gathering,,,An ordinance that prohibits all aggregation activities in 10 municipalities in the Lodi area,https://milano.repubblica.it/cronaca/2020/02/21/news/coronavirus_codogno_castiglione_d_adda_contagiati_misure_sicurezza-249154447/?refresh_ce
1929,Italy,ITA,Italy,"ten municipalities ( Codogno , Castiglione d'Adda , Casalpusterlengo, Fombio , Maleo , Somaglia , Bertonico , Terranova dei Passerini , Castelgerundo and San Fiorano )",2020-02-21,Travel restriction,Individual movement restrictions,Movements for non-essential�activities forbidden,Prohibition of leaving the municipality one is in,,prohibition on leaving the municipality or area affected by part of all individuals still present in the municipality in the area,https://www.gazzettaufficiale.it/eli/id/2020/02/23/20G00020/sg --- http://www.quotidianosanita.it/scienza-e-farmaci/articolo.php?articolo_id=81547
1930,Italy,ITA,Italy,"ten municipalities ( Codogno , Castiglione d'Adda , Casalpusterlengo, Fombio , Maleo , Somaglia , Bertonico , Terranova dei Passerini , Castelgerundo and San Fiorano )",2020-02-23,Social distancing,Mass gathering cancellation,"Festivals, faith-based events",,,"suspension of events or initiatives of any kind,  events and all forms of meetings in public or private places,  also of a cultural  playful,  sporting and religious nature,  albeit carried out in closed places open to the public""",https://www.gazzettaufficiale.it/eli/id/2020/02/23/20G00020/sg --- http://www.quotidianosanita.it/scienza-e-farmaci/articolo.php?articolo_id=81547
1931,Italy,ITA,Italy,"ten municipalities ( Codogno , Castiglione d'Adda , Casalpusterlengo, Fombio , Maleo , Somaglia , Bertonico , Terranova dei Passerini , Castelgerundo and San Fiorano )",2020-02-23,Social distancing,Closure of educational institutions,Complete closure of all educational institutions,All,,"suspension of educational services for children and schools of every order and degree, as well as the frequency of activities school and higher education, including university, except for distance learning activities",https://www.gazzettaufficiale.it/eli/id/2020/02/23/20G00020/sg --- http://www.quotidianosanita.it/scienza-e-farmaci/articolo.php?articolo_id=81547
1932,Italy,ITA,Italy,"ten municipalities ( Codogno , Castiglione d'Adda , Casalpusterlengo, Fombio , Maleo , Somaglia , Bertonico , Terranova dei Passerini , Castelgerundo and San Fiorano )",2020-02-23,Social distancing,Mass gathering cancellation,Cultural places and events,,,suspension of museum opening services to the public of the other institutes and places of culture,https://www.gazzettaufficiale.it/eli/id/2020/02/23/20G00020/sg --- http://www.quotidianosanita.it/scienza-e-farmaci/articolo.php?articolo_id=81547
1933,Italy,ITA,Italy,"ten municipalities ( Codogno , Castiglione d'Adda , Casalpusterlengo, Fombio , Maleo , Somaglia , Bertonico , Terranova dei Passerini , Castelgerundo and San Fiorano )",2020-02-23,Social distancing,Closure of educational institutions,Extracurriculars cancelled,,,"suspension of educational trips organized by the educational institutions of the national education system, both on the national territory and abroad",https://www.gazzettaufficiale.it/eli/id/2020/02/23/20G00020/sg --- http://www.quotidianosanita.it/scienza-e-farmaci/articolo.php?articolo_id=81547
1934,Italy,ITA,Italy,"ten municipalities ( Codogno , Castiglione d'Adda , Casalpusterlengo, Fombio , Maleo , Somaglia , Bertonico , Terranova dei Passerini , Castelgerundo and San Fiorano )",2020-02-23,"Case identification, contact tracing and related measures",Quarantine,Incomings from high-risk areas,,,"provision of the obligation by individuals who have done so entry into Italy from epidemiological risk areas, such as identified by the World Health Organization, of communicate this to the Prevention Department of the health authority responsible for the territory, which provides communicate it to the competent health authority for the adoption of the fiduciary home stay measure with active surveillance",https://www.gazzettaufficiale.it/eli/id/2020/02/23/20G00020/sg --- http://www.quotidianosanita.it/scienza-e-farmaci/articolo.php?articolo_id=81547
1935,Italy,ITA,Italy,"ten municipalities ( Codogno , Castiglione d'Adda , Casalpusterlengo, Fombio , Maleo , Somaglia , Bertonico , Terranova dei Passerini , Castelgerundo and San Fiorano )",2020-02-23,Social distancing,Small gathering cancellation,Closure of non-essential shops,,,"closure of all commercial activities, excluding businesses commercial for the purchase of basic necessities",https://www.gazzettaufficiale.it/eli/id/2020/02/23/20G00020/sg --- http://www.quotidianosanita.it/scienza-e-farmaci/articolo.php?articolo_id=81547
1936,Italy,ITA,Italy,"Lombardy Regions , Veneto and Emilia-Romagna",2020-02-23,Social distancing,Closure of educational institutions,Complete closure of universities,Closure of universities,,,http://www.salute.gov.it/portale/news/p3_2_1_1_1.jsp?lingua=italiano&menu=notizie&p=dalministero&id=4089
1937,Italy,ITA,Italy,Affected areas,2020-02-23,Social distancing,Small gathering cancellation,Mandatory home office,,,"Employees of companies located in the areas at risk of contagion from coronavirus, identified by the Ordinances, will be able to resort to the agile work mode automatically. This is provided by the implementing decree of Law Decree no.6 of 23 February 2020,",http://www.salute.gov.it/portale/news/p3_2_1_1_1.jsp?lingua=italiano&menu=notizie&p=dalministero&id=4093 --- http://www.salute.gov.it/portale/news/p3_2_1_1_1.jsp?lingua=italiano&menu=notizie&p=dalministero&id=4093
1938,Italy,ITA,Italy,Italy,2020-02-25,Social distancing,Closure of educational institutions,Extracurriculars cancelled,,,,https://www.corriere.it/cronache/20_marzo_04/scuole-chiuse-fino-15-marzo-il-coronavirus-ufficiale-decisione-governo-9c3271c8-5e39-11ea-8e26-25d9a5210d01.shtml?refresh_ce-cp
1939,Italy,ITA,Italy,Italy,2020-02-25,Risk communication,Educate and actively communicate with the public,Information campaign,Spot in the national TV,,"�Let's help each other. Together we can do it �. A video featuring Amadeus, which makes its popularity available to the Public Service, to make everyone aware of the good daily practices that help contain the risk of Covid-19 coronavirus infection.",http://www.salute.gov.it/portale/news/p3_2_4_1_1.jsp?lingua=italiano&menu=salastampa&p=comunicatistampa&id=5457
1940,Italy,ITA,Italy,Italy,2020-02-28,Healthcare and public health capacity,Increase availability of PPE,PPE for healthcare professionals,Face masks,,"From February 28 to March 7, the Department distributed one million ffp2 and ffp3 masks (both equipped with a filter) intended for healthcare personnel from all Italian regions.",http://www.salute.gov.it/portale/news/p3_2_1_1_1.jsp?lingua=italiano&menu=notizie&p=dalministero&id=4179
1941,Italy,ITA,Italy,Italy,2020-02-29,Resource allocation,Crisis management plans,Develop all-of-society and business continuity plans,"Global economic support to workers, employers and businesses",,"The Council of Ministers, meeting on Friday 28 February 2020, on a proposal from President Giuseppe Conte and the Minister of Economy and Finance Roberto Gualtieri, approved a decree-law which introduces urgent support measures for families, workers and businesses related to the epidemiological emergency from Covid-19.",http://www.salute.gov.it/portale/news/p3_2_1_1_1.jsp?lingua=italiano&menu=notizie&p=dalministero&id=4129
1942,Italy,ITA,Italy,Italy,2020-03-01,Risk communication,Educate and actively communicate with the public,Information campaign,Communication on Facebook,,The health minister writes on Facebook to follow the guidelines of the health institutions,http://www.salute.gov.it/portale/news/p3_2_4_1_1.jsp?lingua=italiano&menu=salastampa&p=comunicatistampa&id=5462
1943,Italy,ITA,Italy,Italy,2020-03-02,Risk communication,Educate and actively communicate with the public,Answer to questions,Publish answersto questions on precautionary measures,,"The Ministry of Education has published the answers to the most frequently asked questions about precautionary measures against coronavirus regarding educational trips, Erasmus, absences, suspension of teaching activities and validity of the school year.",http://www.salute.gov.it/portale/news/p3_2_1_1_1.jsp?lingua=italiano&menu=notizie&p=dalministero&id=4121
1944,Italy,ITA,Italy,"Lombardy: Bertonico, Casalpusterlengo, Castelgerundo, Castiglione D'Adda, Codogno, Fombio, Maleo, San Fiorano, Somaglia, Terranova dei Passerini . in Veneto: Vo ')",2020-03-04,Healthcare and public health capacity,Increase availability of PPE,Face masks,eleven municipalities in the red zone of the outbreak,,Population,http://www.salute.gov.it/portale/news/p3_2_1_1_1.jsp?lingua=italiano&menu=notizie&p=dalministero&id=4151
1945,Italy,ITA,Italy,Italy,2020-03-04,Risk communication,Actively communicate with managers,Promote hygiene measures and social distancing,,,"Public administrations, also given the emergency related to Coronavirus, are invited to encourage smart working and if there are not enough computers or in any case there is ""unavailability or insufficiency of equipment"" then the employee ""who makes himself available"" can also use ""own devices"" such as pc or tablet.",http://www.salute.gov.it/portale/news/p3_2_1_1_1.jsp?lingua=italiano&menu=notizie&p=dalministero&id=4152
1946,Italy,ITA,Italy,Italy,2020-03-05,Social distancing,Closure of educational institutions,Complete closure of all educational institutions,"Kindergartens, primary and secondary schools, universities",,Didactic activity in schools and universities is suspended from 5 to 15 March 2020 throughout Italy.,http://www.salute.gov.it/portale/news/p3_2_1_1_1.jsp?lingua=italiano&menu=notizie&p=dalministero&id=4154 --- http://www.trovanorme.salute.gov.it/norme/dettaglioAtto?id=73532
1947,Italy,ITA,Italy,Italy,2020-03-05,Social distancing,Mass gathering cancellation,Cultural places and events,,,Decree of the President of the Council of Ministers 04 March 2020,http://www.trovanorme.salute.gov.it/norme/dettaglioAtto?id=73532
1948,Italy,ITA,Italy,Italy,2020-03-05,Social distancing,Mass gathering cancellation,"Conferences, meetings, trade fairs, etc.",,,Decree of the President of the Council of Ministers 04 March 2020,http://www.trovanorme.salute.gov.it/norme/dettaglioAtto?id=73532
1949,Italy,ITA,Italy,Italy,2020-03-05,Social distancing,Closure of educational institutions,Complete closure of all educational institutions,All,,Decree of the President of the Council of Ministers 04 March 2020,http://www.trovanorme.salute.gov.it/norme/dettaglioAtto?id=73532
1950,Italy,ITA,Italy,Italy,2020-03-05,Social distancing,Closure of educational institutions,Extracurriculars cancelled,,,Decree of the President of the Council of Ministers 04 March 2020,http://www.trovanorme.salute.gov.it/norme/dettaglioAtto?id=73532
1951,Italy,ITA,Italy,Italy,2020-03-05,Social distancing,Special measures for certain establishments,Emergency room hospitals,"Forbidden to accompany patients, to stay in the waiting rooms of the emergency and reception departments and first aid",,Decree of the President of the Council of Ministers 04 March 2020,http://www.trovanorme.salute.gov.it/norme/dettaglioAtto?id=73532
1952,Italy,ITA,Italy,Italy,2020-03-05,Social distancing,Measures for special populations,Measures to limit contact to the elderly,,,Decree of the President of the Council of Ministers 04 March 2020,http://www.trovanorme.salute.gov.it/norme/dettaglioAtto?id=73532
1953,Italy,ITA,Italy,Italy,2020-03-05,Social distancing,Measures for special populations,Measures to limit contact to long-term care facilities,,,Decree of the President of the Council of Ministers 04 March 2020,http://www.trovanorme.salute.gov.it/norme/dettaglioAtto?id=73532
1954,Italy,ITA,Italy,Italy,2020-03-07,Healthcare and public health capacity,Increase healthcare workforce,Mobilization of domestic resources for health,Ease the recruitment of healthcare workers,,"Last night - said the Minister of Health Roberto Speranza - in the Council of Ministers we approved an extraordinary plan for hiring and investing in healthcare personnel. the recruitment of specialist doctors, according to the rules specified in the decree itself, to be assigned to perform specific functions. the extraordinary assignment of self-employment tasks to retired healthcare personnel. the restatement of the plans for the staff needs of the companies and of the Ssn bodies. the increase in the hours of the outpatient specialist.",http://www.salute.gov.it/portale/news/p3_2_1_1_1.jsp?lingua=italiano&menu=notizie&p=dalministero&id=4167
1955,Italy,ITA,Italy,"Lombardy region and provinces of Modena, Parma, Piacenza, Reggio Emilia, Rimini, Pesaro and Urbino, Alessandria, Asti, Novara, Verbano-Cusio- Ossola, Vercelli, Padua, Treviso and Venice",2020-03-08,Travel restriction,Cordon sanitaire,,,,10 regions,http://www.salute.gov.it/portale/news/p3_2_1_1_1.jsp?lingua=italiano&menu=notizie&p=dalministero&id=4173
1956,Italy,ITA,Italy,Italy,2020-03-08,Social distancing,Mass gathering cancellation,Cultural places and events,"cinemas, pubs, discos",,,http://www.salute.gov.it/portale/news/p3_2_1_1_1.jsp?lingua=italiano&menu=notizie&p=dalministero&id=4175
1957,Italy,ITA,Italy,Italy,2020-03-08,Social distancing,Mass gathering cancellation,"Conferences, meetings, trade fairs, etc.",,,"All congresses, meetings, gatherings and social events involving healthcare personnel or personnel employed in essential public services or utilities are suspended.",http://www.salute.gov.it/portale/news/p3_2_1_1_1.jsp?lingua=italiano&menu=notizie&p=dalministero&id=4175
1958,Italy,ITA,Italy,Italy,2020-03-08,Social distancing,Special measures for certain establishments,Restaurants,Can open if respect social distancing measures,,"In bars and restaurants only one meter away. Catering and bar activities allowed only if the manager guarantees an interpersonal distance of at least one meter. In case of violation  the activity will be suspended.""",http://www.salute.gov.it/portale/news/p3_2_1_1_1.jsp?lingua=italiano&menu=notizie&p=dalministero&id=4175
1959,Italy,ITA,Italy,Italy,2020-03-08,Social distancing,Mass gathering cancellation,Sport events,,,,http://www.salute.gov.it/portale/news/p3_2_1_1_1.jsp?lingua=italiano&menu=notizie&p=dalministero&id=4175
1960,Italy,ITA,Italy,Italy,2020-03-08,Social distancing,Special measures for certain establishments,Non-essential shops,Can open if respect social distancing measures,,"Here too, the operator must guarantee the protection distance of at least one meter between the frequenters and quota accesses. The same goes for outdoor commercial activities.",http://www.salute.gov.it/portale/news/p3_2_1_1_1.jsp?lingua=italiano&menu=notizie&p=dalministero&id=4175
1961,Italy,ITA,Italy,Italy,2020-03-08,Social distancing,Special measures for certain establishments,Sports centres with indoor facilities,Can open if respect social distancing measures,,"Sports activities outdoors or inside gyms, swimming pools and sports centers are allowed only on condition that it is possible to respect the interpersonal distance of one meter.",http://www.salute.gov.it/portale/news/p3_2_1_1_1.jsp?lingua=italiano&menu=notizie&p=dalministero&id=4175
1962,Italy,ITA,Italy,Italy,2020-03-08,Social distancing,Special measures for certain establishments,Places of worship,Can open if distance is respected,,"Civil and religious ceremonies are suspended, including funerals. The opening to places of worship is granted only if it is possible to guarantee a protection distance of at least one meter.",http://www.salute.gov.it/portale/news/p3_2_1_1_1.jsp?lingua=italiano&menu=notizie&p=dalministero&id=4175
1963,Italy,ITA,Italy,Italy,2020-03-08,Risk communication,Educate and actively communicate with the public,Promote self-initiated isolation of people with mild respiratory symptoms,,,"People with respiratory infection symptoms and fever above 37.5 degrees are strongly recommended to stay at home, to limit social contacts as much as possible and to call their own doctor.",http://www.salute.gov.it/portale/news/p3_2_1_1_1.jsp?lingua=italiano&menu=notizie&p=dalministero&id=4175
1964,Italy,ITA,Italy,Italy,2020-03-08,Healthcare and public health capacity,Personal protective measures,Enhance hand hygiene,Hand sanitizers in public and semi-public places (mandatory),,"In public administrations and in all rooms open to the public, disinfectant solutions for hand hygiene must be made available to users and visitors.",http://www.salute.gov.it/portale/news/p3_2_1_1_1.jsp?lingua=italiano&menu=notizie&p=dalministero&id=4175
1965,Italy,ITA,Italy,Italy,2020-03-08,Environmental measures,Environmental cleaning and disinfection,Disinfect public transports,,,Public transport companies are taking extraordinary measures to sanitize vehicles.,http://www.salute.gov.it/portale/news/p3_2_1_1_1.jsp?lingua=italiano&menu=notizie&p=dalministero&id=4175
1966,Italy,ITA,Italy,Italy,2020-03-09,Travel restriction,National lockdown,,,,,http://www.salute.gov.it/portale/news/p3_2_1_1_1.jsp?lingua=italiano&menu=notizie&p=dalministero&id=4178 --- http://www.salute.gov.it/portale/news/p3_2_1_1_1.jsp?lingua=italiano&menu=notizie&p=dalministero&id=4184
1967,Italy,ITA,Italy,Italy,2020-03-09,Resource allocation,Police and army interventions,To support law enforcement/sanction in case of no compliance,To enforce lockdown,,The veracity of the self-declaration can also be verified with subsequent checks. The sanction for those who violate the limitations on travel is the one provided generally by article 650 of the penal code (non-compliance with an order of an authority: penalty provided for arrest of up to three months or a fine of up to 206 euros) unless a more serious hypothesis can be configured such as that provided for by article 452 of the Criminal Code (culpable crimes against public health which pursues all conducts capable of producing a danger to public health).,http://www.salute.gov.it/portale/news/p3_2_1_1_1.jsp?lingua=italiano&menu=notizie&p=dalministero&id=4178
1968,Italy,ITA,Italy,Italy,2020-03-10,Risk communication,Educate and actively communicate with the public,Direct advice to vulnerable populations,FAQ vulnerable persons,,The Office for Policies for People with Disabilities has put online the answers to the most frequently asked questions about the measures contained in the dpcm of March 9th concerning people with disabilities and those who assist them. The web page will be updated from time to time based on the new provisions issue,http://www.salute.gov.it/portale/news/p3_2_1_1_1.jsp?lingua=italiano&menu=notizie&p=dalministero&id=4194
1969,Italy,ITA,Italy,Italy,2020-03-10,Risk communication,Educate and actively communicate with the public,Encourage stay at home,hashtag stay at home,,,http://www.salute.gov.it/portale/news/p3_2_1_1_1.jsp?lingua=italiano&menu=notizie&p=dalministero&id=4186
1970,Italy,ITA,Italy,Italy,2020-03-11,Risk communication,Educate and actively communicate with the public,Information campaign,Communication on Facebook,,The health minister writes on Facebook a message of hope,
1971,Italy,ITA,Italy,10 municipalities in Lombardia and Veneto,2020-03-14,Travel restriction,Public transport restriction,Public transport ban,,,#info #atac - #coronavirusitalIa - dal 14 marzo trasporto pubblico sulla rete Atac e RomaTpl rimodulato. Tutti i dettagli al link http://bit.ly/2QdZ3F9 #Roma #COVID_19,https://twitter.com/InfoAtac/status/1238484500893614080
1972,Italy,ITA,Italy,Italy,2020-03-14,Social distancing,Work safety protocols,Implement protocols for prevention of contamination at workplace,Between trade unions and companies,,Effective health and safety measures for workers must be guaranteed in all companies thanks to a protocol reached today between trade unions and companies in accordance with the Goveno. The document consists of 13 points aimed at contrasting and preventing the spread of the new coronavirus in the workplace.,http://www.salute.gov.it/portale/news/p3_2_1_1_1.jsp?lingua=italiano&menu=notizie&p=dalministero&id=4237
1973,Italy,ITA,Italy,Italy,2020-03-17,Risk communication,Educate and actively communicate with the public,Information campaign,Communication on Facebook,,The health minister writes on Facebook a message of hope,
1974,Italy,ITA,Italy,Italy,2020-03-18,"Case identification, contact tracing and related measures",Quarantine,Incoming travelers,"Entering the country by plane, train, sea, or road",,"Who enters Italy, by plane, train, by sea or by road, even in the absence of symptoms, is obliged to immediately communicate their entry into the country to the Department of Prevention of the local health authority. The person is then subjected to health surveillance and fiduciary isolation for 14 days. This is what a decree signed yesterday by the Minister of Health, Roberto Speranza, and by that of Infrastructure and Transport, Paola De Micheli. The measure is valid until March 25 and serves to counter the further spread of the new coronavirus epidemic.",http://www.trovanorme.salute.gov.it/norme/dettaglioAtto?id=73717
1975,Italy,ITA,Italy,Emilia Romagna,2020-03-19,Travel restriction,Individual movement restrictions,Movements for non-essential�activities forbidden,Walks and bike riding forbidden,,,http://www.salute.gov.it/portale/news/p3_2_1_1_1.jsp?lingua=italiano&menu=notizie&p=dalministero&id=4248
1976,Italy,ITA,Italy,Italy,2020-03-20,Social distancing,Mass gathering cancellation,Closure of non-essential public places,,,"public access to parks, villas, play areas and public gardens is prohibited",http://www.trovanorme.salute.gov.it/norme/dettaglioAtto?id=73717
1977,Italy,ITA,Italy,Italy,2020-03-20,Travel restriction,Individual movement restrictions,Movements for non-essential�activities forbidden,No movements allowed before and during holidays,,"on holidays and pre-holidays, as well as on those that immediately precede or follow these days, any movement to homes other than the main one, including the second houses used for holidays, is prohibited.",http://www.trovanorme.salute.gov.it/norme/dettaglioAtto?id=73717
1978,Italy,ITA,Italy,Italy,2020-03-20,Healthcare and public health capacity,Adapt procedures for patient management,Ease prescription of regular medical products for patients,Computer-based processing of prescriptions,,"At the time of the generation of the electronic prescription by the prescribing doctor - reads the ordinance - the client can ask the doctor to issue the dematerialized reminder or the acquisition of the Electronic Recipe Number through: transmission of the memo attached to an e-mail message, communication of the Electronic Recipe Number with SMS or with a mobile phone application, telephone communication by the prescriber of the Electronic Recipe Number",http://www.salute.gov.it/portale/news/p3_2_1_1_1.jsp?lingua=italiano&menu=notizie&p=dalministero&id=4278
1979,Italy,ITA,Italy,Italy,2020-03-22,Social distancing,Mass gathering cancellation,Closure of non-essential working places,"all industrial production activities are suspended commercial, with the exception of those indicated in Annex 1 and save the following. Professional activities are not the forecasts referred to in Article 1, point 7 remain suspended and Decree of the President of the Council of Ministers 11 March 2020.",,"Decree of the President of the Council of Ministers 22 March 2020 Further implementing provisions of the decree-law of 23 February 2020, n. 6, containing urgent measures regarding the containment and management of the epidemiological emergency from COVID-19, applicable on the whole national territory. (20A01807)   (OJ General Series n.76 of 22 March 2020)""",http://www.trovanorme.salute.gov.it/norme/dettaglioAtto?id=73729
1980,Italy,ITA,Italy,Italy,2020-03-22,Social distancing,Small gathering cancellation,Closure of non-essential shops,,,"Decree of the President of the Council of Ministers 22 March 2020 Further implementing provisions of the decree-law of 23 February 2020, n. 6, containing urgent measures regarding the containment and management of the epidemiological emergency from COVID-19, applicable on the whole national territory. (20A01807)   (OJ General Series)",http://www.trovanorme.salute.gov.it/norme/dettaglioAtto?id=73729
1981,Italy,ITA,Italy,Italy,2020-03-22,Travel restriction,Individual movement restrictions,Movements for non-essential�activities forbidden,"From today it is forbidden for all natural persons to move or move with public or private means of transport in common other than that in which they are located, except for proven work needs, of absolute urgency or for health reasons.",,"Decree of the President of the Council of Ministers 22 March 2020 Further implementing provisions of the decree-law of 23 February 2020, n. 6, containing urgent measures regarding the containment and management of the epidemiological emergency from COVID-19, applicable on the whole national territory. (20A01807) (OJ General Series  n.76 of 22 March 2020)""",http://www.trovanorme.salute.gov.it/norme/dettaglioAtto?id=73729
1982,Italy,ITA,Italy,Italy,2020-03-26,Resource allocation,Police and army interventions,To support law enforcement/sanction in case of no compliance,To enforce lockdown,,"The Decree Law 19 , in force from today and published in the Official Journal of 25 March, collects and confirms the discipline hitherto enacted to deal with the epidemiological emergency from Covid-19.",http://www.salute.gov.it/portale/news/p3_2_1_1_1.jsp?lingua=italiano&menu=notizie&p=dalministero&id=4324
1983,Italy,ITA,Italy,Italy,2020-03-28,Resource allocation,The government provide assistance to vulnerable populations,The government provides food assistance,Shopping vouchers and food supplies,,"Ordinance March 29, 2020. Further urgent civil protection interventions in relation to the emergency related to the health risk connected to the onset of pathologies deriving from transmissible viral agents. (Ordinance No. 658). (20A01942) ""With the civil protection ordinance we add 400 million to this fund, a further advance that we allocate to municipalities with the obligation to allocate it to people who do not have the money to not do their shopping. From here, shopping vouchers and food supplies will be born."" (OJ General Series  n.85 of 30 March 2020)""",http://www.trovanorme.salute.gov.it/norme/dettaglioAtto?id=73781 --- http://www.salute.gov.it/portale/news/p3_2_1_1_1.jsp?lingua=italiano&menu=notizie&p=dalministero&id=4350
1984,Italy,ITA,Italy,Italy,2020-03-30,Healthcare and public health capacity,Increase availability of PPE,Face masks,Domestic production,,"""As we had announced in the past few days, an important first portion of Italian mask production starts tomorrow""",http://www.salute.gov.it/portale/news/p3_2_1_1_1.jsp?lingua=italiano&menu=notizie&p=dalministero&id=4353
1985,Italy,ITA,Italy,Italy,2020-04-01,Travel restriction,National lockdown,,,Extended,Health Minister Roberto Speranza spoke to the Houses on April 1 with a report on the emergency from Covid-19. The minister announced the government's decision to confirm until April 13 all the measures taken to limit economic and social activities and individual travel previously adopted.,http://www.salute.gov.it/portale/news/p3_2_1_1_1.jsp?lingua=italiano&menu=notizie&p=dalministero&id=4377 --- https://www.bbc.com/news/world-europe-51810673
1986,Italy,ITA,Italy,Italy,2020-04-01,Healthcare and public health capacity,Research,Funding allocated to research,,,7 million euros,http://www.salute.gov.it/portale/news/p3_2_1_1_1.jsp?lingua=italiano&menu=notizie&p=dalministero&id=4373
1987,Italy,ITA,Italy,Italy,2020-04-06,Social distancing,Closure of educational institutions,Rules for exams,,,"Decreto-legge 08 aprile 2020 , n. 22. Misure urgenti sulla regolare conclusione e l'ordinato avvio dell'anno scolastico e sullo svolgimento degli esami di Stato. (20G00042) (G.U. Serie Generale , n. 93 del 08 aprile 2020) - Third grade exam: The examination will take place if possible in the presence, but possibly simplified; alternatively it will take place with a short paper that the students will have to send to their teachers before the end of the school year. Graduation exam: The decree indicates a double possibility: exam with internal commission, if the children can return to school by May 18 or alternatively, if they cannot return to school, only the oral interview is scheduled. ",http://www.salute.gov.it/portale/news/p3_2_1_1_1.jsp?lingua=italiano&menu=notizie&p=dalministero&id=4412
1988,Italy,ITA,Italy,Italy,2020-04-09,Healthcare and public health capacity,Increase healthcare workforce,Mobilization of domestic resources for health,Recruitment of healthcare workers on the frontline,,"Today 73 volunteer doctors arrived at the military airport of Linate, to the rescue of the hospitals most affected by the Covid-19 emergency. Of these, 20 will remain in Lombardy, 18 will go to the aid of the health structures of Emilia Romagna, 16 have been sent to Piedmont, 13 to Liguria and 6 to Valle d'Aosta. Another 12 white coats are reaching the Marche by bus.",
1989,Italy,ITA,Italy,Italy,2020-04-10,Risk communication,Educate and actively communicate with the public,Direct government communication,Press conference,,Extention measures confinement - Until 3 May 2020,http://www.salute.gov.it/portale/news/p3_2_1_1_1.jsp?lingua=italiano&menu=notizie&p=dalministero&id=4447
1990,Italy,ITA,Italy,Italy,2020-04-14,Returning to normal life,Lift restriction on small gatherings,Re-opening of certain shops,"Libraries, stationery stores and shops for babies and children",,,http://www.governo.it/it/articolo/conferenza-stampa-del-presidente-conte/14450 --- http://www.salute.gov.it/portale/news/p3_2_1_1_1.jsp?lingua=italiano&menu=notizie&p=dalministero&id=4447
1991,Italy,ITA,Italy,Italy,2020-04-17,"Case identification, contact tracing and related measures",Tracing and tracking,Contact tracking,Via mobile phone: Voluntary,,"Immuni will be called the Italian app for the tracing of the new coronavirus infection during phase 2. With an order dated April 16, the emergency commissioner Domenico Arcuri ordered the stipulation of the free software license grant agreement contact tracing and free service contract with Bending Spoons spa, the company that designed the app.",http://www.salute.gov.it/portale/news/p3_2_1_1_1.jsp?lingua=italiano&menu=notizie&p=dalministero&id=4513
1992,Italy,ITA,Italy,Italy,2020-04-20,Healthcare and public health capacity,Increase healthcare workforce,Mobilization of domestic resources for health,Recruitment of healthcare workers on the frontline,,"While the call (started on Monday by the Civil Defense and closed yesterday evening) to recruit 1,500 social and health workers to be used in the care homes for the elderly and disabled and prisons, 20,491 candidates responded, Borrelli said.",http://www.salute.gov.it/portale/news/p3_2_1_1_1.jsp?lingua=italiano&menu=notizie&p=dalministero&id=4586
1993,Italy,ITA,Italy,Italy,2020-04-21,Healthcare and public health capacity,Increase patient capacity,Increase number of medical institutions,,,"in consideration of the evolution of the emergency context and in order to allow the continuation of the foreseen interventions (purchase of personal protective equipment, medical equipment and any kind of instrumental good useful to counter the emergency, as well as the expansion of the temporary and definitive hospitals intended for the treatment of coronavirus patients), has approved a further allocation for a total of � 900,000,000",http://www.salute.gov.it/portale/news/p3_2_1_1_1.jsp?lingua=italiano&menu=notizie&p=dalministero&id=4543
1994,Italy,ITA,Italy,Italy,2020-04-21,Resource allocation,Crisis management plans,Financial aid for health system,,,"in consideration of the evolution of the emergency context and in order to allow the continuation of the foreseen interventions (purchase of personal protective equipment, medical equipment and any kind of instrumental good useful to counter the emergency, as well as the expansion of the temporary and definitive hospitals intended for the treatment of coronavirus patients), has approved a further allocation for a total of � 900,000,000",http://www.salute.gov.it/portale/news/p3_2_1_1_1.jsp?lingua=italiano&menu=notizie&p=dalministero&id=4543
1995,Italy,ITA,Italy,Italy,2020-04-22,Risk communication,Educate and actively communicate with the public,Answer to questions,Covid-19 hotline specifically to answer questions on women health,,"�April 22nd is the National Women's Health Day. The health emergency from Covid-19 cannot make us neglect this important appointment, set up in 2015 to raise awareness of Italian women on health issues. A new toll free number, which women can contact to receive answers to doubts and questions about the Coronavirus and their health, will be activated on the occasion of the Day "".",http://www.salute.gov.it/portale/news/p3_2_1_1_1.jsp?lingua=italiano&menu=notizie&p=dalministero&id=4550
1996,Italy,ITA,Italy,Italy,2020-04-23,Risk communication,Educate and actively communicate with the public,Information campaign,Against alcohol consumption during confinement,,"A report on the "" consumption of alcoholic drinks and COVID-19"" published on the portal of Italy's Higher Health Institute (ISS) explains that "" consuming alcohol does not protect from COVID-19 in any way"". ""On the contrary, abusing alcohol increases the risk of infection because it ""damages all the components of the immune system"".",http://www.salute.gov.it/portale/news/p3_2_1_1_1.jsp?lingua=italiano&menu=notizie&p=dalministero&id=4576
1997,Italy,ITA,Italy,Italy,2020-04-23,Healthcare and public health capacity,Increase in medical supplies and equipment,Ease access to drugs,Delivery service of medicine at home for vulnerable populations,,"Federfarma and the Italian Motorcycle Federation (IMF) have signed a memorandum of understanding for the delivery of medicines at home. A service reserved only for people unable to go to the pharmacy, due to disabilities or serious illnesses or because they are in quarantine (but not affected by Covid-19), and who cannot delegate to other subjects",http://www.salute.gov.it/portale/news/p3_2_1_1_1.jsp?lingua=italiano&menu=notizie&p=dalministero&id=4578
1998,Italy,ITA,Italy,Italy,2020-04-23,Healthcare and public health capacity,Increase in medical supplies and equipment,Ease access to drugs,Prevent and mitigate problems related to the supply of important medicines used to the treatment of patients with Covid-19,,"The European Medicines Agency (Ema), in consultation with the pharmaceutical industry and EU member states, has launched an enhanced rapid monitoring system to help prevent and mitigate problems related to the supply of important medicines used to the treatment of patients with Covid-19. Under this system, each pharmaceutical company will appoint a single industry contact point (i-Spoc) which will have the task of reporting to Ema and to the competent national authorities all the current and expected shortcomings of the medicines used for Covid-19 patients, both as regards centrally authorized and nationally authorized medicines",http://www.salute.gov.it/portale/news/p3_2_1_1_1.jsp?lingua=italiano&menu=notizie&p=dalministero&id=4579
1999,Italy,ITA,Italy,Italy,2020-04-23,Healthcare and public health capacity,Increase healthcare workforce,Mobilization of domestic resources for health,Recruitment of healthcare workers on the frontline,,There have been nearly 700 candidates for the new medical unit that will complement the task force already in the field against Covid-19,http://www.salute.gov.it/portale/news/p3_2_1_1_1.jsp?lingua=italiano&menu=notizie&p=dalministero&id=4586
2000,Italy,ITA,Italy,Italy,2020-04-24,Healthcare and public health capacity,Research,Clinical trials on COVID-19,Trials on COVID-19 treatment,,"The Italian Medicines Agency (AIFA) has authorized three new clinical trials for the treatment of Covid-19. With these, the total number of studies so far authorized has risen to 13",http://www.salute.gov.it/portale/news/p3_2_1_1_1.jsp?lingua=italiano&menu=notizie&p=dalministero&id=4585
2001,Italy,ITA,Italy,Italy,2020-04-24,Healthcare and public health capacity,Increase healthcare workforce,Incentives for healthcare workers,Monetary bonuses for healthcare professionals,,"Green light to the payment of 1.000 euros , for a quarter, by the Enpam (National body for social security and assistance of doctors and dentists) to the doctors and dentists who have been working as professionals for the next week",http://www.salute.gov.it/portale/news/p3_2_1_1_1.jsp?lingua=italiano&menu=notizie&p=dalministero&id=4588
2002,Italy,ITA,Italy,Italy,2020-04-24,Risk communication,Actively communicate with managers,Guidelines,Practical guide for those who take care of the elderly,,"The Higher Institute of Health (ISS) has created and published on its website the booklet ""Practical guide for those who take care of the elderly"" aimed at providing useful and practical advice, especially to carers. The document specifies a note from the ISS �offers indications on how to protect the elderly by protecting themselves, since taking care of an elderly person means helping him to get up, walk, eat and wash and therefore it is not possible to keep the distance of at least one meter "". In the document, in particular, there is information on the coronavirus, indications on how to assist the elderly when they are at home and when they are away from home, on how to behave if you have the doubt of having contracted the infection, but also on how correctly wear mask and gloves,on how to wash your hands and how to ensure proper home and environment hygiene. The brochure has been translated into 8 languages, English, French, Spanish, Romanian, Polish, Russian, Portuguese and Tamil and will also be made available in the form of a decalogue to be launched on social networks and distributed in a printable version, as a poster, in pharmacies, medical offices, hospitals",http://www.salute.gov.it/portale/news/p3_2_1_1_1.jsp?lingua=italiano&menu=notizie&p=dalministero&id=4591
2003,Italy,ITA,Italy,Italy,2020-04-26,Risk communication,Educate and actively communicate with the public,Use of public transport,Encourage public hygiene in transports,,"Recommendations for all users of transport services public: Do not use public transport if you have symptoms of infections acute respiratory (fever, cough, cold) - Purchase, where possible, tickets in electronic format, online or via app - Follow the signs and routes indicated inside the stations or stops always keeping the distance of at least one meter from other people - Use the access doors to the vehicles indicated for the ascent and the descent, always respecting the interpersonal distance of safety of one meter - Sit only in permitted places while keeping the distance from the other occupants - Avoid approaching or asking the driver for information - During the trip, frequently sanitize your hands and avoid touching your face (Annex 9 DPCM 26 April - summary of MIT) ",http://www.salute.gov.it/portale/news/p3_2_1_1_1.jsp?lingua=italiano&menu=notizie&p=dalministero&id=4631
2004,Italy,ITA,Italy,Italy,2020-04-27,Healthcare and public health capacity,Personal protective measures,Mandatory use of masks,In public transports,,"To move safely during Phase 2 of the pandemic in our country, I have followed the recommendations for public transport passengers, the  guidelines contained in Annex 9 of the Prime Minister's Decree of 26 April  and references to circulars (�) You must necessarily wear a mask, also made of fabric, for the protection of the nose and mouth ",http://www.trovanorme.salute.gov.it/norme/dettaglioAtto?id=73916&articolo=19
2005,Italy,ITA,Italy,Italy,2020-04-27,Risk communication,Educate and actively communicate with the public,Communication targets protection of vulnerable populations,Hotline for psychological support during covid-19 crisis,,"The Covid-19 emergency is putting a strain on the psychological stability of people dealing with an unprecedented situation in its drama. The fear of contagion, the measures of isolation, as indispensable on a health level as they are difficult on the human level, loneliness, mourning, economic uncertainties: all elements that can give rise to attacks of anxiety, stress, fears, discomfort. For these reasons, the psychological toll-free number 800.833.833 , activated by the Ministry of Health and Civil Protection , will be operational from April 27 , with the technological support offered free of charge by TIM. A number chosen paying tribute to the Law 23 December 1978, number 833, which established the National Health Service. The number will also be reachable from abroad on 02.20228733 and access methods will also be provided for the deaf.",http://www.salute.gov.it/portale/news/p3_2_1_1_1.jsp?lingua=italiano&menu=notizie&p=dalministero&id=4616
2006,Italy,ITA,Italy,Italy,2020-04-29,Risk communication,Actively communicate with healthcare professionals,With medical doctors,Give them a role in the protection of workers at workplace,,"the Ministry has issued a circular containing operational indications relating to the activities of the competent doctor, drawing attention to this figure during the reopening of the production activities suspended during the pandemic by SARS -COV. If, in fact, the role of the competent doctor is of primary importance in the protection of health and safety at work in the ordinary course of work, it is amplified in the current moment of pandemic emergency, the period during which he goes to confirm the their role as the employer's ""global consultant"". Read the circular April 29, 2020 - Operational indications relating to the activities of the competent doctor in the context of measures to combat and contain the spread of the SARS-CoV-2 virus in the workplace and in the community",http://www.salute.gov.it/portale/news/p3_2_1_1_1.jsp?lingua=italiano&menu=notizie&p=dalministero&id=4639
2007,Italy,ITA,Italy,Italy,2020-05-04,"Case identification, contact tracing and related measures",Surveillance,Prevalence estimation in the general population,Seroprevalence survey,,"The race for serological tests is closed - The race for serological tests ended today, four days earlier than expected and 72 companies took part. This was announced by the Commissioner for Emergency, Domenico Arcuri, at this morning's press conference at the Civil Protection. "" From May 4 we could start the investigation on the first 150 thousand citizens organized in a sample that we structured together with INAIL and ISTAT by registry, area, census- explained Arcuri ",http://www.salute.gov.it/portale/news/p3_2_1_1_1.jsp?lingua=italiano&menu=notizie&p=dalministero&id=4541 --- http://www.salute.gov.it/portale/news/p3_2_1_1_1.jsp?lingua=italiano&menu=notizie&p=dalministero&id=4602
2008,Italy,ITA,Italy,Italy,2020-05-04,Healthcare and public health capacity,Increase availability of PPE,Face masks,For the population,,"The availability of masks in the regions - ""The Regions have declared that they have 47 million masks available in their warehouses. So we are ready to distribute all the masks that will be used to manage phase 2,"" said Arcuri during the press conference.""",http://www.salute.gov.it/portale/news/p3_2_1_1_1.jsp?lingua=italiano&menu=notizie&p=dalministero&id=4602
2009,Italy,ITA,Italy,Italy,2020-05-04,Resource allocation,Measures to ensure security of supply,Fixing price for specific protective products,Face masks,,"In addition to social distance, the use of personal protective equipment will be important in this second phase.�Precisely on this front, the President announced the signature by Commissioner Arcuri of the order setting the price of the so-called surgical masks at a maximum of � 0.50.",http://www.salute.gov.it/portale/news/p3_2_1_1_1.jsp?lingua=italiano&menu=notizie&p=dalministero&id=4613
2010,Italy,ITA,Italy,Italy,2020-05-04,"Case identification, contact tracing and related measures",Quarantine,Suspected cases,Symptomatic persons,,There are more stringent rules for those with fever above 37.5 degrees and respiratory symptoms: obligation to stay at home and notify their doctor. ,http://www.salute.gov.it/portale/news/p3_2_1_1_1.jsp?lingua=italiano&menu=notizie&p=dalministero&id=4613
2011,Italy,ITA,Italy,Italy,2020-05-04,Returning to normal life,Lift travel restriction,Expand zone of travel,"Only for work, health, and urgencies",,"They will be possible within the same region for reasons of work, health, necessity or visit to relatives; travel outside the region will instead be allowed for work, health, urgency reasons and for returning to one's home. The use of masks on public transport is mandatory",https://translate.googleusercontent.com/translate_c?depth=1&pto=aue&rurl=translate.google.com&sl=it&sp=nmt4&tl=en&u=http://www.salute.gov.it/portale/news/p3_2_1_1_1.jsp%3Flingua%3Ditaliano%26menu%3Dnotizie%26p%3Ddalministero%26id%3D4613&usg=ALkJrhi9MbIImg9AkQP5-aCBnWEQxNF66A
2012,Italy,ITA,Italy,Italy,2020-05-04,Healthcare and public health capacity,Personal protective measures,Mandatory use of masks,In public transports,Extended,"Access to public parks will be allowed respecting the distance and regulating the entrances to the children's play areas, without prejudice to the possibility for the mayors to preclude entry if it is not possible to enforce the safety rules",https://translate.googleusercontent.com/translate_c?depth=1&pto=aue&rurl=translate.google.com&sl=it&sp=nmt4&tl=en&u=http://www.salute.gov.it/portale/news/p3_2_1_1_1.jsp%3Flingua%3Ditaliano%26menu%3Dnotizie%26p%3Ddalministero%26id%3D4613&usg=ALkJrhi9MbIImg9AkQP5-aCBnWEQxNF66A
2013,Italy,ITA,Italy,Italy,2020-05-04,Returning to normal life,Lift restriction on mass gatherings,Re-opening of public places,Re-opening of parks,,"Access to public parks will be allowed respecting the distance and regulating the entrances to the children's play areas, without prejudice to the possibility for the mayors to preclude entry if it is not possible to enforce the safety rules",https://translate.googleusercontent.com/translate_c?depth=1&pto=aue&rurl=translate.google.com&sl=it&sp=nmt4&tl=en&u=http://www.salute.gov.it/portale/news/p3_2_1_1_1.jsp%3Flingua%3Ditaliano%26menu%3Dnotizie%26p%3Ddalministero%26id%3D4613&usg=ALkJrhi9MbIImg9AkQP5-aCBnWEQxNF66A
2014,Italy,ITA,Italy,Italy,2020-05-04,Returning to normal life,Lift restriction on small gatherings,Lift ban on familial and private gatherings,Funerals allowed,,"As for religious ceremonies, funerals will be allowed, which will be attended by first and second degree relatives for a maximum of 15 people. Furthermore, a protocol will be studied in the next few days which will allow the faithful to participate in liturgical celebrations as soon as possible in conditions of maximum security",https://translate.googleusercontent.com/translate_c?depth=1&pto=aue&rurl=translate.google.com&sl=it&sp=nmt4&tl=en&u=http://www.salute.gov.it/portale/news/p3_2_1_1_1.jsp%3Flingua%3Ditaliano%26menu%3Dnotizie%26p%3Ddalministero%26id%3D4613&usg=ALkJrhi9MbIImg9AkQP5-aCBnWEQxNF66A
2015,Italy,ITA,Italy,Italy,2020-05-04,Returning to normal life,Lift restriction on small gatherings,Lift ban on familial and private gatherings,Limit up to 15 persons,,"As for religious ceremonies, funerals will be allowed, which will be attended by first and second degree relatives for a maximum of 15 people. Furthermore, a protocol will be studied in the next few days which will allow the faithful to participate in liturgical celebrations as soon as possible in conditions of maximum security",https://translate.googleusercontent.com/translate_c?depth=1&pto=aue&rurl=translate.google.com&sl=it&sp=nmt4&tl=en&u=http://www.salute.gov.it/portale/news/p3_2_1_1_1.jsp%3Flingua%3Ditaliano%26menu%3Dnotizie%26p%3Ddalministero%26id%3D4613&usg=ALkJrhi9MbIImg9AkQP5-aCBnWEQxNF66A
2016,Italy,ITA,Italy,Italy,2020-05-04,Returning to normal life,Lift restriction on mass gatherings,Re-opening of workplaces,"Resume manufacturing, construction, real estate brokerage and wholesale trade",,"Starting from May 4, they will therefore be able to resume manufacturing, construction, real estate brokerage and wholesale trade. For these categories, starting from April 27, it will be possible to proceed with all those preparatory operations for reopening such as sanitizing the environments and for the safety of workers",https://translate.googleusercontent.com/translate_c?depth=1&pto=aue&rurl=translate.google.com&sl=it&sp=nmt4&tl=en&u=http://www.salute.gov.it/portale/news/p3_2_1_1_1.jsp%3Flingua%3Ditaliano%26menu%3Dnotizie%26p%3Ddalministero%26id%3D4613&usg=ALkJrhi9MbIImg9AkQP5-aCBnWEQxNF66A
2017,Italy,ITA,Italy,Italy,2020-05-04,Returning to normal life,Lift restriction on small gatherings,Sport competitors can resume training,Individual sports and senior competitors,,"To allow a gradual resumption of sporting activities, closed-door training sessions of individual sports athletes will be allowed from 4 May",https://translate.googleusercontent.com/translate_c?depth=1&pto=aue&rurl=translate.google.com&sl=it&sp=nmt4&tl=en&u=http://www.salute.gov.it/portale/news/p3_2_1_1_1.jsp%3Flingua%3Ditaliano%26menu%3Dnotizie%26p%3Ddalministero%26id%3D4613&usg=ALkJrhi9MbIImg9AkQP5-aCBnWEQxNF66A
2018,Italy,ITA,Italy,Italy,2020-05-18,Returning to normal life,Lift restriction on mass gatherings,Re-opening of cultural institutions,"Museums, exhibitions",,"Premir Conte added that ""on May 18 retail outlets will reopen as well as exhibitions, museums and team sport training sessions"".",https://translate.googleusercontent.com/translate_c?depth=1&pto=aue&rurl=translate.google.com&sl=it&sp=nmt4&tl=en&u=http://www.salute.gov.it/portale/news/p3_2_1_1_1.jsp%3Flingua%3Ditaliano%26menu%3Dnotizie%26p%3Ddalministero%26id%3D4617&usg=ALkJrhhhH8IskgDQz5NnB1oNtTVId0faGQ
2019,Italy,ITA,Italy,Italy,2020-05-18,Returning to normal life,Lift restriction on small gatherings,Re-opening of certain shops,Retail entities,,"Premir Conte added that ""on May 18 retail outlets will reopen as well as exhibitions, museums and team sport training sessions"".",https://translate.googleusercontent.com/translate_c?depth=1&pto=aue&rurl=translate.google.com&sl=it&sp=nmt4&tl=en&u=http://www.salute.gov.it/portale/news/p3_2_1_1_1.jsp%3Flingua%3Ditaliano%26menu%3Dnotizie%26p%3Ddalministero%26id%3D4617&usg=ALkJrhhhH8IskgDQz5NnB1oNtTVId0faGQ
2020,Italy,ITA,Italy,Italy,2020-06-01,Healthcare and public health capacity,Personal protective measures,Mandatory use of masks,In shops,,"Italian authorities are making the use of face masks mandatory on public transport and in stores as they gradually loosen lockdown measures, starting next Monday.",https://www.thelocal.it/20200428/coronavirus-where-should-you-wear-a-face-mask-in-italy