"ITTER107","Territorio","TIPO_DATO_FOL","Tipo dato","SEXISTAT1","Sesso","ETA1","Classe di età","TIME","Seleziona periodo","Value","Flag Codes","Flags"
"ITC11","Torino","EMP_R","tasso di occupazione","9","totale","Y15-24","15-24 anni","2019","2019",19.457389,,
"ITC12","Vercelli","EMP_R","tasso di occupazione","9","totale","Y15-24","15-24 anni","2019","2019",23.575546,,
"ITC13","Biella","EMP_R","tasso di occupazione","9","totale","Y15-24","15-24 anni","2019","2019",21.474085,,
"ITC14","Verbano-Cusio-Ossola","EMP_R","tasso di occupazione","9","totale","Y15-24","15-24 anni","2019","2019",21.727453,,
"ITC15","Novara","EMP_R","tasso di occupazione","9","totale","Y15-24","15-24 anni","2019","2019",12.948806,,
"ITC16","Cuneo","EMP_R","tasso di occupazione","9","totale","Y15-24","15-24 anni","2019","2019",29.47409,,
"ITC17","Asti","EMP_R","tasso di occupazione","9","totale","Y15-24","15-24 anni","2019","2019",20.108303,,
"ITC18","Alessandria","EMP_R","tasso di occupazione","9","totale","Y15-24","15-24 anni","2019","2019",23.647781,,
"ITC20","Valle d'Aosta / Vallée d'Aoste","EMP_R","tasso di occupazione","9","totale","Y15-24","15-24 anni","2019","2019",22.679011,,
"ITC31","Imperia","EMP_R","tasso di occupazione","9","totale","Y15-24","15-24 anni","2019","2019",20.655613,,
"ITC32","Savona","EMP_R","tasso di occupazione","9","totale","Y15-24","15-24 anni","2019","2019",20.578097,,
"ITC33","Genova","EMP_R","tasso di occupazione","9","totale","Y15-24","15-24 anni","2019","2019",14.872953,,
"ITC34","La Spezia","EMP_R","tasso di occupazione","9","totale","Y15-24","15-24 anni","2019","2019",15.716311,,
"ITC41","Varese","EMP_R","tasso di occupazione","9","totale","Y15-24","15-24 anni","2019","2019",21.428831,,
"ITC42","Como","EMP_R","tasso di occupazione","9","totale","Y15-24","15-24 anni","2019","2019",21.526073,,
"ITC43","Lecco","EMP_R","tasso di occupazione","9","totale","Y15-24","15-24 anni","2019","2019",25.618203,,
"ITC44","Sondrio","EMP_R","tasso di occupazione","9","totale","Y15-24","15-24 anni","2019","2019",33.363109,,
"ITC45","Milano","EMP_R","tasso di occupazione","9","totale","Y15-24","15-24 anni","2019","2019",21.432571,,
"ITC46","Bergamo","EMP_R","tasso di occupazione","9","totale","Y15-24","15-24 anni","2019","2019",28.480717,,
"ITC47","Brescia","EMP_R","tasso di occupazione","9","totale","Y15-24","15-24 anni","2019","2019",32.023176,,
"ITC48","Pavia","EMP_R","tasso di occupazione","9","totale","Y15-24","15-24 anni","2019","2019",26.747913,,
"ITC49","Lodi","EMP_R","tasso di occupazione","9","totale","Y15-24","15-24 anni","2019","2019",25.687903,,
"ITC4A","Cremona","EMP_R","tasso di occupazione","9","totale","Y15-24","15-24 anni","2019","2019",25.767261,,
"ITC4B","Mantova","EMP_R","tasso di occupazione","9","totale","Y15-24","15-24 anni","2019","2019",28.281877,,
"ITD1","Provincia Autonoma Bolzano / Bozen","EMP_R","tasso di occupazione","9","totale","Y15-24","15-24 anni","2019","2019",38.21544,,
"ITD2","Provincia Autonoma Trento","EMP_R","tasso di occupazione","9","totale","Y15-24","15-24 anni","2019","2019",27.447045,,
"ITD31","Verona","EMP_R","tasso di occupazione","9","totale","Y15-24","15-24 anni","2019","2019",26.955489,,
"ITD32","Vicenza","EMP_R","tasso di occupazione","9","totale","Y15-24","15-24 anni","2019","2019",28.252738,,
"ITD33","Belluno","EMP_R","tasso di occupazione","9","totale","Y15-24","15-24 anni","2019","2019",28.883873,,
"ITD34","Treviso","EMP_R","tasso di occupazione","9","totale","Y15-24","15-24 anni","2019","2019",27.145487,,
"ITD35","Venezia","EMP_R","tasso di occupazione","9","totale","Y15-24","15-24 anni","2019","2019",25.590373,,
"ITD36","Padova","EMP_R","tasso di occupazione","9","totale","Y15-24","15-24 anni","2019","2019",20.164338,,
"ITD37","Rovigo","EMP_R","tasso di occupazione","9","totale","Y15-24","15-24 anni","2019","2019",21.094991,,
"ITD41","Pordenone","EMP_R","tasso di occupazione","9","totale","Y15-24","15-24 anni","2019","2019",29.545147,,
"ITD42","Udine","EMP_R","tasso di occupazione","9","totale","Y15-24","15-24 anni","2019","2019",19.004848,,
"ITD43","Gorizia","EMP_R","tasso di occupazione","9","totale","Y15-24","15-24 anni","2019","2019",20.622854,,
"ITD44","Trieste","EMP_R","tasso di occupazione","9","totale","Y15-24","15-24 anni","2019","2019",17.297354,,
"ITD51","Piacenza","EMP_R","tasso di occupazione","9","totale","Y15-24","15-24 anni","2019","2019",24.707349,,
"ITD52","Parma","EMP_R","tasso di occupazione","9","totale","Y15-24","15-24 anni","2019","2019",20.729325,,
"ITD53","Reggio nell'Emilia","EMP_R","tasso di occupazione","9","totale","Y15-24","15-24 anni","2019","2019",26.561483,,
"ITD54","Modena","EMP_R","tasso di occupazione","9","totale","Y15-24","15-24 anni","2019","2019",26.034501,,
"ITD55","Bologna","EMP_R","tasso di occupazione","9","totale","Y15-24","15-24 anni","2019","2019",21.687006,,
"ITD56","Ferrara","EMP_R","tasso di occupazione","9","totale","Y15-24","15-24 anni","2019","2019",27.63276,,
"ITD57","Ravenna","EMP_R","tasso di occupazione","9","totale","Y15-24","15-24 anni","2019","2019",23.923576,,
"ITD58","Forlì-Cesena","EMP_R","tasso di occupazione","9","totale","Y15-24","15-24 anni","2019","2019",30.307615,,
"ITD59","Rimini","EMP_R","tasso di occupazione","9","totale","Y15-24","15-24 anni","2019","2019",23.814197,,
"ITE11","Massa-Carrara","EMP_R","tasso di occupazione","9","totale","Y15-24","15-24 anni","2019","2019",23.696284,,
"ITE12","Lucca","EMP_R","tasso di occupazione","9","totale","Y15-24","15-24 anni","2019","2019",18.188321,,
"ITE13","Pistoia","EMP_R","tasso di occupazione","9","totale","Y15-24","15-24 anni","2019","2019",14.965251,,
"ITE14","Firenze","EMP_R","tasso di occupazione","9","totale","Y15-24","15-24 anni","2019","2019",21.53787,,
"ITE15","Prato","EMP_R","tasso di occupazione","9","totale","Y15-24","15-24 anni","2019","2019",33.496746,,
"ITE16","Livorno","EMP_R","tasso di occupazione","9","totale","Y15-24","15-24 anni","2019","2019",19.141168,,
"ITE17","Pisa","EMP_R","tasso di occupazione","9","totale","Y15-24","15-24 anni","2019","2019",15.915277,,
"ITE18","Arezzo","EMP_R","tasso di occupazione","9","totale","Y15-24","15-24 anni","2019","2019",17.685561,,
"ITE19","Siena","EMP_R","tasso di occupazione","9","totale","Y15-24","15-24 anni","2019","2019",18.121778,,
"ITE1A","Grosseto","EMP_R","tasso di occupazione","9","totale","Y15-24","15-24 anni","2019","2019",25.648621,,
"ITE21","Perugia","EMP_R","tasso di occupazione","9","totale","Y15-24","15-24 anni","2019","2019",19.278256,,
"ITE22","Terni","EMP_R","tasso di occupazione","9","totale","Y15-24","15-24 anni","2019","2019",14.218009,,
"ITE31","Pesaro e Urbino","EMP_R","tasso di occupazione","9","totale","Y15-24","15-24 anni","2019","2019",20.773379,,
"ITE32","Ancona","EMP_R","tasso di occupazione","9","totale","Y15-24","15-24 anni","2019","2019",16.735733,,
"ITE33","Macerata","EMP_R","tasso di occupazione","9","totale","Y15-24","15-24 anni","2019","2019",22.768228,,
"ITE34","Ascoli Piceno","EMP_R","tasso di occupazione","9","totale","Y15-24","15-24 anni","2019","2019",18.18229,,
"ITE41","Viterbo","EMP_R","tasso di occupazione","9","totale","Y15-24","15-24 anni","2019","2019",9.752688,,
"ITE42","Rieti","EMP_R","tasso di occupazione","9","totale","Y15-24","15-24 anni","2019","2019",20.288953,,
"ITE43","Roma","EMP_R","tasso di occupazione","9","totale","Y15-24","15-24 anni","2019","2019",16.24791,,
"ITE44","Latina","EMP_R","tasso di occupazione","9","totale","Y15-24","15-24 anni","2019","2019",18.075797,,
"ITC11","Torino","EMP_R","tasso di occupazione","9","totale","Y25-34","25-34 anni","2019","2019",71.233687,,
"ITC12","Vercelli","EMP_R","tasso di occupazione","9","totale","Y25-34","25-34 anni","2019","2019",69.73025,,
"ITC13","Biella","EMP_R","tasso di occupazione","9","totale","Y25-34","25-34 anni","2019","2019",79.539921,,
"ITC14","Verbano-Cusio-Ossola","EMP_R","tasso di occupazione","9","totale","Y25-34","25-34 anni","2019","2019",76.185204,,
"ITC15","Novara","EMP_R","tasso di occupazione","9","totale","Y25-34","25-34 anni","2019","2019",79.48925,,
"ITC16","Cuneo","EMP_R","tasso di occupazione","9","totale","Y25-34","25-34 anni","2019","2019",79.142638,,
"ITC17","Asti","EMP_R","tasso di occupazione","9","totale","Y25-34","25-34 anni","2019","2019",78.082648,,
"ITC18","Alessandria","EMP_R","tasso di occupazione","9","totale","Y25-34","25-34 anni","2019","2019",70.405221,,
"ITC20","Valle d'Aosta / Vallée d'Aoste","EMP_R","tasso di occupazione","9","totale","Y25-34","25-34 anni","2019","2019",76.174935,,
"ITC31","Imperia","EMP_R","tasso di occupazione","9","totale","Y25-34","25-34 anni","2019","2019",67.269049,,
"ITC32","Savona","EMP_R","tasso di occupazione","9","totale","Y25-34","25-34 anni","2019","2019",70.389358,,
"ITC33","Genova","EMP_R","tasso di occupazione","9","totale","Y25-34","25-34 anni","2019","2019",66.046494,,
"ITC34","La Spezia","EMP_R","tasso di occupazione","9","totale","Y25-34","25-34 anni","2019","2019",73.473764,,
"ITC41","Varese","EMP_R","tasso di occupazione","9","totale","Y25-34","25-34 anni","2019","2019",75.673243,,
"ITC42","Como","EMP_R","tasso di occupazione","9","totale","Y25-34","25-34 anni","2019","2019",80.399861,,
"ITC43","Lecco","EMP_R","tasso di occupazione","9","totale","Y25-34","25-34 anni","2019","2019",83.622234,,
"ITC44","Sondrio","EMP_R","tasso di occupazione","9","totale","Y25-34","25-34 anni","2019","2019",84.346099,,
"ITC45","Milano","EMP_R","tasso di occupazione","9","totale","Y25-34","25-34 anni","2019","2019",80.466687,,
"ITC46","Bergamo","EMP_R","tasso di occupazione","9","totale","Y25-34","25-34 anni","2019","2019",76.66113,,
"ITC47","Brescia","EMP_R","tasso di occupazione","9","totale","Y25-34","25-34 anni","2019","2019",74.60722,,
"ITC48","Pavia","EMP_R","tasso di occupazione","9","totale","Y25-34","25-34 anni","2019","2019",75.693882,,
"ITC49","Lodi","EMP_R","tasso di occupazione","9","totale","Y25-34","25-34 anni","2019","2019",72.648581,,
"ITC4A","Cremona","EMP_R","tasso di occupazione","9","totale","Y25-34","25-34 anni","2019","2019",76.189558,,
"ITC4B","Mantova","EMP_R","tasso di occupazione","9","totale","Y25-34","25-34 anni","2019","2019",77.070496,,
"ITD1","Provincia Autonoma Bolzano / Bozen","EMP_R","tasso di occupazione","9","totale","Y25-34","25-34 anni","2019","2019",81.521522,,
"ITD2","Provincia Autonoma Trento","EMP_R","tasso di occupazione","9","totale","Y25-34","25-34 anni","2019","2019",76.266575,,
"ITD31","Verona","EMP_R","tasso di occupazione","9","totale","Y25-34","25-34 anni","2019","2019",74.71217,,
"ITD32","Vicenza","EMP_R","tasso di occupazione","9","totale","Y25-34","25-34 anni","2019","2019",75.993625,,
"ITD33","Belluno","EMP_R","tasso di occupazione","9","totale","Y25-34","25-34 anni","2019","2019",77.004574,,
"ITD34","Treviso","EMP_R","tasso di occupazione","9","totale","Y25-34","25-34 anni","2019","2019",75.224787,,
"ITD35","Venezia","EMP_R","tasso di occupazione","9","totale","Y25-34","25-34 anni","2019","2019",67.601852,,
"ITD36","Padova","EMP_R","tasso di occupazione","9","totale","Y25-34","25-34 anni","2019","2019",83.124109,,
"ITD37","Rovigo","EMP_R","tasso di occupazione","9","totale","Y25-34","25-34 anni","2019","2019",79.481192,,
"ITD41","Pordenone","EMP_R","tasso di occupazione","9","totale","Y25-34","25-34 anni","2019","2019",74.507666,,
"ITD42","Udine","EMP_R","tasso di occupazione","9","totale","Y25-34","25-34 anni","2019","2019",71.265245,,
"ITD43","Gorizia","EMP_R","tasso di occupazione","9","totale","Y25-34","25-34 anni","2019","2019",68.847376,,
"ITD44","Trieste","EMP_R","tasso di occupazione","9","totale","Y25-34","25-34 anni","2019","2019",76.566401,,
"ITD51","Piacenza","EMP_R","tasso di occupazione","9","totale","Y25-34","25-34 anni","2019","2019",74.069786,,
"ITD52","Parma","EMP_R","tasso di occupazione","9","totale","Y25-34","25-34 anni","2019","2019",71.301857,,
"ITD53","Reggio nell'Emilia","EMP_R","tasso di occupazione","9","totale","Y25-34","25-34 anni","2019","2019",76.987433,,
"ITD54","Modena","EMP_R","tasso di occupazione","9","totale","Y25-34","25-34 anni","2019","2019",76.5349,,
"ITD55","Bologna","EMP_R","tasso di occupazione","9","totale","Y25-34","25-34 anni","2019","2019",78.501368,,
"ITD56","Ferrara","EMP_R","tasso di occupazione","9","totale","Y25-34","25-34 anni","2019","2019",73.897924,,
"ITD57","Ravenna","EMP_R","tasso di occupazione","9","totale","Y25-34","25-34 anni","2019","2019",74.49383,,
"ITD58","Forlì-Cesena","EMP_R","tasso di occupazione","9","totale","Y25-34","25-34 anni","2019","2019",73.851661,,
"ITD59","Rimini","EMP_R","tasso di occupazione","9","totale","Y25-34","25-34 anni","2019","2019",72.180574,,
"ITE11","Massa-Carrara","EMP_R","tasso di occupazione","9","totale","Y25-34","25-34 anni","2019","2019",68.940097,,
"ITE12","Lucca","EMP_R","tasso di occupazione","9","totale","Y25-34","25-34 anni","2019","2019",67.685578,,
"ITE13","Pistoia","EMP_R","tasso di occupazione","9","totale","Y25-34","25-34 anni","2019","2019",69.913081,,
"ITE14","Firenze","EMP_R","tasso di occupazione","9","totale","Y25-34","25-34 anni","2019","2019",73.948215,,
"ITE15","Prato","EMP_R","tasso di occupazione","9","totale","Y25-34","25-34 anni","2019","2019",78.591825,,
"ITE16","Livorno","EMP_R","tasso di occupazione","9","totale","Y25-34","25-34 anni","2019","2019",63.347515,,
"ITE17","Pisa","EMP_R","tasso di occupazione","9","totale","Y25-34","25-34 anni","2019","2019",70.401894,,
"ITE18","Arezzo","EMP_R","tasso di occupazione","9","totale","Y25-34","25-34 anni","2019","2019",76.38961,,
"ITE19","Siena","EMP_R","tasso di occupazione","9","totale","Y25-34","25-34 anni","2019","2019",69.232459,,
"ITE1A","Grosseto","EMP_R","tasso di occupazione","9","totale","Y25-34","25-34 anni","2019","2019",69.637174,,
"ITE21","Perugia","EMP_R","tasso di occupazione","9","totale","Y25-34","25-34 anni","2019","2019",71.990205,,
"ITE22","Terni","EMP_R","tasso di occupazione","9","totale","Y25-34","25-34 anni","2019","2019",63.394454,,
"ITE31","Pesaro e Urbino","EMP_R","tasso di occupazione","9","totale","Y25-34","25-34 anni","2019","2019",71.490106,,
"ITE32","Ancona","EMP_R","tasso di occupazione","9","totale","Y25-34","25-34 anni","2019","2019",64.711336,,
"ITE33","Macerata","EMP_R","tasso di occupazione","9","totale","Y25-34","25-34 anni","2019","2019",68.597871,,
"ITE34","Ascoli Piceno","EMP_R","tasso di occupazione","9","totale","Y25-34","25-34 anni","2019","2019",71.145272,,
"ITE41","Viterbo","EMP_R","tasso di occupazione","9","totale","Y25-34","25-34 anni","2019","2019",59.393341,,
"ITE42","Rieti","EMP_R","tasso di occupazione","9","totale","Y25-34","25-34 anni","2019","2019",59.52586,,
"ITE43","Roma","EMP_R","tasso di occupazione","9","totale","Y25-34","25-34 anni","2019","2019",66.02942,,
"ITE44","Latina","EMP_R","tasso di occupazione","9","totale","Y25-34","25-34 anni","2019","2019",58.378285,,
"ITC11","Torino","EMP_R","tasso di occupazione","9","totale","Y35-44","35-44 anni","2019","2019",81.919705,,
"ITC12","Vercelli","EMP_R","tasso di occupazione","9","totale","Y35-44","35-44 anni","2019","2019",77.644769,,
"ITC13","Biella","EMP_R","tasso di occupazione","9","totale","Y35-44","35-44 anni","2019","2019",81.345909,,
"ITC14","Verbano-Cusio-Ossola","EMP_R","tasso di occupazione","9","totale","Y35-44","35-44 anni","2019","2019",82.373672,,
"ITC15","Novara","EMP_R","tasso di occupazione","9","totale","Y35-44","35-44 anni","2019","2019",86.064722,,
"ITC16","Cuneo","EMP_R","tasso di occupazione","9","totale","Y35-44","35-44 anni","2019","2019",86.942844,,
"ITC17","Asti","EMP_R","tasso di occupazione","9","totale","Y35-44","35-44 anni","2019","2019",82.159716,,
"ITC18","Alessandria","EMP_R","tasso di occupazione","9","totale","Y35-44","35-44 anni","2019","2019",82.284759,,
"ITC20","Valle d'Aosta / Vallée d'Aoste","EMP_R","tasso di occupazione","9","totale","Y35-44","35-44 anni","2019","2019",84.301293,,
"ITC31","Imperia","EMP_R","tasso di occupazione","9","totale","Y35-44","35-44 anni","2019","2019",67.17088,,
"ITC32","Savona","EMP_R","tasso di occupazione","9","totale","Y35-44","35-44 anni","2019","2019",78.35515,,
"ITC33","Genova","EMP_R","tasso di occupazione","9","totale","Y35-44","35-44 anni","2019","2019",78.991147,,
"ITC34","La Spezia","EMP_R","tasso di occupazione","9","totale","Y35-44","35-44 anni","2019","2019",76.255491,,
"ITC41","Varese","EMP_R","tasso di occupazione","9","totale","Y35-44","35-44 anni","2019","2019",85.362742,,
"ITC42","Como","EMP_R","tasso di occupazione","9","totale","Y35-44","35-44 anni","2019","2019",81.738258,,
"ITC43","Lecco","EMP_R","tasso di occupazione","9","totale","Y35-44","35-44 anni","2019","2019",86.160674,,
"ITC44","Sondrio","EMP_R","tasso di occupazione","9","totale","Y35-44","35-44 anni","2019","2019",83.499436,,
"ITC45","Milano","EMP_R","tasso di occupazione","9","totale","Y35-44","35-44 anni","2019","2019",85.348578,,
"ITC46","Bergamo","EMP_R","tasso di occupazione","9","totale","Y35-44","35-44 anni","2019","2019",82.371677,,
"ITC47","Brescia","EMP_R","tasso di occupazione","9","totale","Y35-44","35-44 anni","2019","2019",81.651254,,
"ITC48","Pavia","EMP_R","tasso di occupazione","9","totale","Y35-44","35-44 anni","2019","2019",83.383938,,
"ITC49","Lodi","EMP_R","tasso di occupazione","9","totale","Y35-44","35-44 anni","2019","2019",81.52191,,
"ITC4A","Cremona","EMP_R","tasso di occupazione","9","totale","Y35-44","35-44 anni","2019","2019",86.07313,,
"ITC4B","Mantova","EMP_R","tasso di occupazione","9","totale","Y35-44","35-44 anni","2019","2019",82.859336,,
"ITD1","Provincia Autonoma Bolzano / Bozen","EMP_R","tasso di occupazione","9","totale","Y35-44","35-44 anni","2019","2019",86.715981,,
"ITD2","Provincia Autonoma Trento","EMP_R","tasso di occupazione","9","totale","Y35-44","35-44 anni","2019","2019",84.493763,,
"ITD31","Verona","EMP_R","tasso di occupazione","9","totale","Y35-44","35-44 anni","2019","2019",85.80641,,
"ITD32","Vicenza","EMP_R","tasso di occupazione","9","totale","Y35-44","35-44 anni","2019","2019",85.529314,,
"ITD33","Belluno","EMP_R","tasso di occupazione","9","totale","Y35-44","35-44 anni","2019","2019",89.248108,,
"ITD34","Treviso","EMP_R","tasso di occupazione","9","totale","Y35-44","35-44 anni","2019","2019",82.564618,,
"ITD35","Venezia","EMP_R","tasso di occupazione","9","totale","Y35-44","35-44 anni","2019","2019",83.438339,,
"ITD36","Padova","EMP_R","tasso di occupazione","9","totale","Y35-44","35-44 anni","2019","2019",81.822382,,
"ITD37","Rovigo","EMP_R","tasso di occupazione","9","totale","Y35-44","35-44 anni","2019","2019",76.741318,,
"ITD41","Pordenone","EMP_R","tasso di occupazione","9","totale","Y35-44","35-44 anni","2019","2019",83.675106,,
"ITD42","Udine","EMP_R","tasso di occupazione","9","totale","Y35-44","35-44 anni","2019","2019",83.405112,,
"ITD43","Gorizia","EMP_R","tasso di occupazione","9","totale","Y35-44","35-44 anni","2019","2019",76.63315,,
"ITD44","Trieste","EMP_R","tasso di occupazione","9","totale","Y35-44","35-44 anni","2019","2019",83.349505,,
"ITD51","Piacenza","EMP_R","tasso di occupazione","9","totale","Y35-44","35-44 anni","2019","2019",85.257644,,
"ITD52","Parma","EMP_R","tasso di occupazione","9","totale","Y35-44","35-44 anni","2019","2019",83.667432,,
"ITD53","Reggio nell'Emilia","EMP_R","tasso di occupazione","9","totale","Y35-44","35-44 anni","2019","2019",83.694332,,
"ITD54","Modena","EMP_R","tasso di occupazione","9","totale","Y35-44","35-44 anni","2019","2019",86.588822,,
"ITD55","Bologna","EMP_R","tasso di occupazione","9","totale","Y35-44","35-44 anni","2019","2019",88.161853,,
"ITD56","Ferrara","EMP_R","tasso di occupazione","9","totale","Y35-44","35-44 anni","2019","2019",82.585734,,
"ITD57","Ravenna","EMP_R","tasso di occupazione","9","totale","Y35-44","35-44 anni","2019","2019",87.156,,
"ITD58","Forlì-Cesena","EMP_R","tasso di occupazione","9","totale","Y35-44","35-44 anni","2019","2019",86.312504,,
"ITD59","Rimini","EMP_R","tasso di occupazione","9","totale","Y35-44","35-44 anni","2019","2019",83.02901,,
"ITE11","Massa-Carrara","EMP_R","tasso di occupazione","9","totale","Y35-44","35-44 anni","2019","2019",76.970338,,
"ITE12","Lucca","EMP_R","tasso di occupazione","9","totale","Y35-44","35-44 anni","2019","2019",77.658108,,
"ITE13","Pistoia","EMP_R","tasso di occupazione","9","totale","Y35-44","35-44 anni","2019","2019",79.128511,,
"ITE14","Firenze","EMP_R","tasso di occupazione","9","totale","Y35-44","35-44 anni","2019","2019",84.196988,,
"ITE15","Prato","EMP_R","tasso di occupazione","9","totale","Y35-44","35-44 anni","2019","2019",84.411556,,
"ITE16","Livorno","EMP_R","tasso di occupazione","9","totale","Y35-44","35-44 anni","2019","2019",79.965702,,
"ITE17","Pisa","EMP_R","tasso di occupazione","9","totale","Y35-44","35-44 anni","2019","2019",83.996854,,
"ITE18","Arezzo","EMP_R","tasso di occupazione","9","totale","Y35-44","35-44 anni","2019","2019",81.318532,,
"ITE19","Siena","EMP_R","tasso di occupazione","9","totale","Y35-44","35-44 anni","2019","2019",83.592666,,
"ITE1A","Grosseto","EMP_R","tasso di occupazione","9","totale","Y35-44","35-44 anni","2019","2019",81.405665,,
"ITE21","Perugia","EMP_R","tasso di occupazione","9","totale","Y35-44","35-44 anni","2019","2019",82.037953,,
"ITE22","Terni","EMP_R","tasso di occupazione","9","totale","Y35-44","35-44 anni","2019","2019",77.335665,,
"ITE31","Pesaro e Urbino","EMP_R","tasso di occupazione","9","totale","Y35-44","35-44 anni","2019","2019",81.293396,,
"ITE32","Ancona","EMP_R","tasso di occupazione","9","totale","Y35-44","35-44 anni","2019","2019",80.709793,,
"ITE33","Macerata","EMP_R","tasso di occupazione","9","totale","Y35-44","35-44 anni","2019","2019",83.74812,,
"ITE34","Ascoli Piceno","EMP_R","tasso di occupazione","9","totale","Y35-44","35-44 anni","2019","2019",76.716952,,
"ITE41","Viterbo","EMP_R","tasso di occupazione","9","totale","Y35-44","35-44 anni","2019","2019",72.228025,,
"ITE42","Rieti","EMP_R","tasso di occupazione","9","totale","Y35-44","35-44 anni","2019","2019",74.762573,,
"ITE43","Roma","EMP_R","tasso di occupazione","9","totale","Y35-44","35-44 anni","2019","2019",79.20403,,
"ITE44","Latina","EMP_R","tasso di occupazione","9","totale","Y35-44","35-44 anni","2019","2019",67.392769,,
"ITC11","Torino","EMP_R","tasso di occupazione","9","totale","Y45-54","45-54 anni","2019","2019",82.311638,,
"ITC12","Vercelli","EMP_R","tasso di occupazione","9","totale","Y45-54","45-54 anni","2019","2019",81.618513,,
"ITC13","Biella","EMP_R","tasso di occupazione","9","totale","Y45-54","45-54 anni","2019","2019",83.780588,,
"ITC14","Verbano-Cusio-Ossola","EMP_R","tasso di occupazione","9","totale","Y45-54","45-54 anni","2019","2019",77.644929,,
"ITC15","Novara","EMP_R","tasso di occupazione","9","totale","Y45-54","45-54 anni","2019","2019",81.429077,,
"ITC16","Cuneo","EMP_R","tasso di occupazione","9","totale","Y45-54","45-54 anni","2019","2019",84.817115,,
"ITC17","Asti","EMP_R","tasso di occupazione","9","totale","Y45-54","45-54 anni","2019","2019",83.543173,,
"ITC18","Alessandria","EMP_R","tasso di occupazione","9","totale","Y45-54","45-54 anni","2019","2019",75.253696,,
"ITC20","Valle d'Aosta / Vallée d'Aoste","EMP_R","tasso di occupazione","9","totale","Y45-54","45-54 anni","2019","2019",84.851796,,
"ITC31","Imperia","EMP_R","tasso di occupazione","9","totale","Y45-54","45-54 anni","2019","2019",72.51607,,
"ITC32","Savona","EMP_R","tasso di occupazione","9","totale","Y45-54","45-54 anni","2019","2019",79.904866,,
"ITC33","Genova","EMP_R","tasso di occupazione","9","totale","Y45-54","45-54 anni","2019","2019",78.430341,,
"ITC34","La Spezia","EMP_R","tasso di occupazione","9","totale","Y45-54","45-54 anni","2019","2019",80.241242,,
"ITC41","Varese","EMP_R","tasso di occupazione","9","totale","Y45-54","45-54 anni","2019","2019",82.73195,,
"ITC42","Como","EMP_R","tasso di occupazione","9","totale","Y45-54","45-54 anni","2019","2019",80.74684,,
"ITC43","Lecco","EMP_R","tasso di occupazione","9","totale","Y45-54","45-54 anni","2019","2019",84.02354,,
"ITC44","Sondrio","EMP_R","tasso di occupazione","9","totale","Y45-54","45-54 anni","2019","2019",82.675374,,
"ITC45","Milano","EMP_R","tasso di occupazione","9","totale","Y45-54","45-54 anni","2019","2019",85.249874,,
"ITC46","Bergamo","EMP_R","tasso di occupazione","9","totale","Y45-54","45-54 anni","2019","2019",81.393096,,
"ITC47","Brescia","EMP_R","tasso di occupazione","9","totale","Y45-54","45-54 anni","2019","2019",80.924372,,
"ITC48","Pavia","EMP_R","tasso di occupazione","9","totale","Y45-54","45-54 anni","2019","2019",83.791791,,
"ITC49","Lodi","EMP_R","tasso di occupazione","9","totale","Y45-54","45-54 anni","2019","2019",79.187792,,
"ITC4A","Cremona","EMP_R","tasso di occupazione","9","totale","Y45-54","45-54 anni","2019","2019",82.126957,,
"ITC4B","Mantova","EMP_R","tasso di occupazione","9","totale","Y45-54","45-54 anni","2019","2019",80.997202,,
"ITD1","Provincia Autonoma Bolzano / Bozen","EMP_R","tasso di occupazione","9","totale","Y45-54","45-54 anni","2019","2019",90.024057,,
"ITD2","Provincia Autonoma Trento","EMP_R","tasso di occupazione","9","totale","Y45-54","45-54 anni","2019","2019",85.004671,,
"ITD31","Verona","EMP_R","tasso di occupazione","9","totale","Y45-54","45-54 anni","2019","2019",84.157846,,
"ITD32","Vicenza","EMP_R","tasso di occupazione","9","totale","Y45-54","45-54 anni","2019","2019",86.44201,,
"ITD33","Belluno","EMP_R","tasso di occupazione","9","totale","Y45-54","45-54 anni","2019","2019",89.811423,,
"ITD34","Treviso","EMP_R","tasso di occupazione","9","totale","Y45-54","45-54 anni","2019","2019",78.38158,,
"ITD35","Venezia","EMP_R","tasso di occupazione","9","totale","Y45-54","45-54 anni","2019","2019",78.397247,,
"ITD36","Padova","EMP_R","tasso di occupazione","9","totale","Y45-54","45-54 anni","2019","2019",78.441458,,
"ITD37","Rovigo","EMP_R","tasso di occupazione","9","totale","Y45-54","45-54 anni","2019","2019",80.414488,,
"ITD41","Pordenone","EMP_R","tasso di occupazione","9","totale","Y45-54","45-54 anni","2019","2019",80.476987,,
"ITD42","Udine","EMP_R","tasso di occupazione","9","totale","Y45-54","45-54 anni","2019","2019",80.325474,,
"ITD43","Gorizia","EMP_R","tasso di occupazione","9","totale","Y45-54","45-54 anni","2019","2019",81.400806,,
"ITD44","Trieste","EMP_R","tasso di occupazione","9","totale","Y45-54","45-54 anni","2019","2019",85.354023,,
"ITD51","Piacenza","EMP_R","tasso di occupazione","9","totale","Y45-54","45-54 anni","2019","2019",84.35682,,
"ITD52","Parma","EMP_R","tasso di occupazione","9","totale","Y45-54","45-54 anni","2019","2019",86.555058,,
"ITD53","Reggio nell'Emilia","EMP_R","tasso di occupazione","9","totale","Y45-54","45-54 anni","2019","2019",86.926059,,
"ITD54","Modena","EMP_R","tasso di occupazione","9","totale","Y45-54","45-54 anni","2019","2019",83.273978,,
"ITD55","Bologna","EMP_R","tasso di occupazione","9","totale","Y45-54","45-54 anni","2019","2019",90.248123,,
"ITD56","Ferrara","EMP_R","tasso di occupazione","9","totale","Y45-54","45-54 anni","2019","2019",83.91216,,
"ITD57","Ravenna","EMP_R","tasso di occupazione","9","totale","Y45-54","45-54 anni","2019","2019",86.417544,,
"ITD58","Forlì-Cesena","EMP_R","tasso di occupazione","9","totale","Y45-54","45-54 anni","2019","2019",85.206574,,
"ITD59","Rimini","EMP_R","tasso di occupazione","9","totale","Y45-54","45-54 anni","2019","2019",79.197695,,
"ITE11","Massa-Carrara","EMP_R","tasso di occupazione","9","totale","Y45-54","45-54 anni","2019","2019",80.016343,,
"ITE12","Lucca","EMP_R","tasso di occupazione","9","totale","Y45-54","45-54 anni","2019","2019",76.374295,,
"ITE13","Pistoia","EMP_R","tasso di occupazione","9","totale","Y45-54","45-54 anni","2019","2019",77.873863,,
"ITE14","Firenze","EMP_R","tasso di occupazione","9","totale","Y45-54","45-54 anni","2019","2019",85.986521,,
"ITE15","Prato","EMP_R","tasso di occupazione","9","totale","Y45-54","45-54 anni","2019","2019",82.331753,,
"ITE16","Livorno","EMP_R","tasso di occupazione","9","totale","Y45-54","45-54 anni","2019","2019",78.426791,,
"ITE17","Pisa","EMP_R","tasso di occupazione","9","totale","Y45-54","45-54 anni","2019","2019",83.591076,,
"ITE18","Arezzo","EMP_R","tasso di occupazione","9","totale","Y45-54","45-54 anni","2019","2019",86.071574,,
"ITE19","Siena","EMP_R","tasso di occupazione","9","totale","Y45-54","45-54 anni","2019","2019",85.285293,,
"ITE1A","Grosseto","EMP_R","tasso di occupazione","9","totale","Y45-54","45-54 anni","2019","2019",80.863417,,
"ITE21","Perugia","EMP_R","tasso di occupazione","9","totale","Y45-54","45-54 anni","2019","2019",78.707217,,
"ITE22","Terni","EMP_R","tasso di occupazione","9","totale","Y45-54","45-54 anni","2019","2019",77.899477,,
"ITE31","Pesaro e Urbino","EMP_R","tasso di occupazione","9","totale","Y45-54","45-54 anni","2019","2019",79.753898,,
"ITE32","Ancona","EMP_R","tasso di occupazione","9","totale","Y45-54","45-54 anni","2019","2019",81.205052,,
"ITE33","Macerata","EMP_R","tasso di occupazione","9","totale","Y45-54","45-54 anni","2019","2019",81.820995,,
"ITE34","Ascoli Piceno","EMP_R","tasso di occupazione","9","totale","Y45-54","45-54 anni","2019","2019",73.922853,,
"ITE41","Viterbo","EMP_R","tasso di occupazione","9","totale","Y45-54","45-54 anni","2019","2019",64.429463,,
"ITE42","Rieti","EMP_R","tasso di occupazione","9","totale","Y45-54","45-54 anni","2019","2019",74.520188,,
"ITE43","Roma","EMP_R","tasso di occupazione","9","totale","Y45-54","45-54 anni","2019","2019",77.535247,,
"ITE44","Latina","EMP_R","tasso di occupazione","9","totale","Y45-54","45-54 anni","2019","2019",64.141298,,
"ITC11","Torino","EMP_R","tasso di occupazione","9","totale","Y55-64","55-64 anni","2019","2019",55.338005,,
"ITC12","Vercelli","EMP_R","tasso di occupazione","9","totale","Y55-64","55-64 anni","2019","2019",57.947727,,
"ITC13","Biella","EMP_R","tasso di occupazione","9","totale","Y55-64","55-64 anni","2019","2019",51.406601,,
"ITC14","Verbano-Cusio-Ossola","EMP_R","tasso di occupazione","9","totale","Y55-64","55-64 anni","2019","2019",49.834373,,
"ITC15","Novara","EMP_R","tasso di occupazione","9","totale","Y55-64","55-64 anni","2019","2019",57.276318,,
"ITC16","Cuneo","EMP_R","tasso di occupazione","9","totale","Y55-64","55-64 anni","2019","2019",55.876639,,
"ITC17","Asti","EMP_R","tasso di occupazione","9","totale","Y55-64","55-64 anni","2019","2019",61.906871,,
"ITC18","Alessandria","EMP_R","tasso di occupazione","9","totale","Y55-64","55-64 anni","2019","2019",57.347868,,
"ITC20","Valle d'Aosta / Vallée d'Aoste","EMP_R","tasso di occupazione","9","totale","Y55-64","55-64 anni","2019","2019",59.617985,,
"ITC31","Imperia","EMP_R","tasso di occupazione","9","totale","Y55-64","55-64 anni","2019","2019",56.232806,,
"ITC32","Savona","EMP_R","tasso di occupazione","9","totale","Y55-64","55-64 anni","2019","2019",56.097237,,
"ITC33","Genova","EMP_R","tasso di occupazione","9","totale","Y55-64","55-64 anni","2019","2019",62.394422,,
"ITC34","La Spezia","EMP_R","tasso di occupazione","9","totale","Y55-64","55-64 anni","2019","2019",58.422188,,
"ITC41","Varese","EMP_R","tasso di occupazione","9","totale","Y55-64","55-64 anni","2019","2019",53.214804,,
"ITC42","Como","EMP_R","tasso di occupazione","9","totale","Y55-64","55-64 anni","2019","2019",56.991162,,
"ITC43","Lecco","EMP_R","tasso di occupazione","9","totale","Y55-64","55-64 anni","2019","2019",53.867686,,
"ITC44","Sondrio","EMP_R","tasso di occupazione","9","totale","Y55-64","55-64 anni","2019","2019",45.516283,,
"ITC45","Milano","EMP_R","tasso di occupazione","9","totale","Y55-64","55-64 anni","2019","2019",62.364797,,
"ITC46","Bergamo","EMP_R","tasso di occupazione","9","totale","Y55-64","55-64 anni","2019","2019",52.58684,,
"ITC47","Brescia","EMP_R","tasso di occupazione","9","totale","Y55-64","55-64 anni","2019","2019",56.090965,,
"ITC48","Pavia","EMP_R","tasso di occupazione","9","totale","Y55-64","55-64 anni","2019","2019",52.845111,,
"ITC49","Lodi","EMP_R","tasso di occupazione","9","totale","Y55-64","55-64 anni","2019","2019",52.831392,,
"ITC4A","Cremona","EMP_R","tasso di occupazione","9","totale","Y55-64","55-64 anni","2019","2019",52.644575,,
"ITC4B","Mantova","EMP_R","tasso di occupazione","9","totale","Y55-64","55-64 anni","2019","2019",56.791242,,
"ITD1","Provincia Autonoma Bolzano / Bozen","EMP_R","tasso di occupazione","9","totale","Y55-64","55-64 anni","2019","2019",65.839728,,
"ITD2","Provincia Autonoma Trento","EMP_R","tasso di occupazione","9","totale","Y55-64","55-64 anni","2019","2019",59.320429,,
"ITD31","Verona","EMP_R","tasso di occupazione","9","totale","Y55-64","55-64 anni","2019","2019",61.879769,,
"ITD32","Vicenza","EMP_R","tasso di occupazione","9","totale","Y55-64","55-64 anni","2019","2019",54.156584,,
"ITD33","Belluno","EMP_R","tasso di occupazione","9","totale","Y55-64","55-64 anni","2019","2019",56.907099,,
"ITD34","Treviso","EMP_R","tasso di occupazione","9","totale","Y55-64","55-64 anni","2019","2019",56.13411,,
"ITD35","Venezia","EMP_R","tasso di occupazione","9","totale","Y55-64","55-64 anni","2019","2019",63.565533,,
"ITD36","Padova","EMP_R","tasso di occupazione","9","totale","Y55-64","55-64 anni","2019","2019",56.69631,,
"ITD37","Rovigo","EMP_R","tasso di occupazione","9","totale","Y55-64","55-64 anni","2019","2019",52.012234,,
"ITD41","Pordenone","EMP_R","tasso di occupazione","9","totale","Y55-64","55-64 anni","2019","2019",60.763305,,
"ITD42","Udine","EMP_R","tasso di occupazione","9","totale","Y55-64","55-64 anni","2019","2019",56.898594,,
"ITD43","Gorizia","EMP_R","tasso di occupazione","9","totale","Y55-64","55-64 anni","2019","2019",53.125868,,
"ITD44","Trieste","EMP_R","tasso di occupazione","9","totale","Y55-64","55-64 anni","2019","2019",59.836216,,
"ITD51","Piacenza","EMP_R","tasso di occupazione","9","totale","Y55-64","55-64 anni","2019","2019",64.2442,,
"ITD52","Parma","EMP_R","tasso di occupazione","9","totale","Y55-64","55-64 anni","2019","2019",61.822776,,
"ITD53","Reggio nell'Emilia","EMP_R","tasso di occupazione","9","totale","Y55-64","55-64 anni","2019","2019",61.580832,,
"ITD54","Modena","EMP_R","tasso di occupazione","9","totale","Y55-64","55-64 anni","2019","2019",62.360592,,
"ITD55","Bologna","EMP_R","tasso di occupazione","9","totale","Y55-64","55-64 anni","2019","2019",64.020565,,
"ITD56","Ferrara","EMP_R","tasso di occupazione","9","totale","Y55-64","55-64 anni","2019","2019",58.65531,,
"ITD57","Ravenna","EMP_R","tasso di occupazione","9","totale","Y55-64","55-64 anni","2019","2019",61.809036,,
"ITD58","Forlì-Cesena","EMP_R","tasso di occupazione","9","totale","Y55-64","55-64 anni","2019","2019",64.882322,,
"ITD59","Rimini","EMP_R","tasso di occupazione","9","totale","Y55-64","55-64 anni","2019","2019",62.05528,,
"ITE11","Massa-Carrara","EMP_R","tasso di occupazione","9","totale","Y55-64","55-64 anni","2019","2019",56.689312,,
"ITE12","Lucca","EMP_R","tasso di occupazione","9","totale","Y55-64","55-64 anni","2019","2019",53.184068,,
"ITE13","Pistoia","EMP_R","tasso di occupazione","9","totale","Y55-64","55-64 anni","2019","2019",58.936388,,
"ITE14","Firenze","EMP_R","tasso di occupazione","9","totale","Y55-64","55-64 anni","2019","2019",67.552924,,
"ITE15","Prato","EMP_R","tasso di occupazione","9","totale","Y55-64","55-64 anni","2019","2019",52.240046,,
"ITE16","Livorno","EMP_R","tasso di occupazione","9","totale","Y55-64","55-64 anni","2019","2019",56.489862,,
"ITE17","Pisa","EMP_R","tasso di occupazione","9","totale","Y55-64","55-64 anni","2019","2019",63.946405,,
"ITE18","Arezzo","EMP_R","tasso di occupazione","9","totale","Y55-64","55-64 anni","2019","2019",53.312038,,
"ITE19","Siena","EMP_R","tasso di occupazione","9","totale","Y55-64","55-64 anni","2019","2019",67.603209,,
"ITE1A","Grosseto","EMP_R","tasso di occupazione","9","totale","Y55-64","55-64 anni","2019","2019",59.482601,,
"ITE21","Perugia","EMP_R","tasso di occupazione","9","totale","Y55-64","55-64 anni","2019","2019",60.946873,,
"ITE22","Terni","EMP_R","tasso di occupazione","9","totale","Y55-64","55-64 anni","2019","2019",55.810708,,
"ITE31","Pesaro e Urbino","EMP_R","tasso di occupazione","9","totale","Y55-64","55-64 anni","2019","2019",60.463455,,
"ITE32","Ancona","EMP_R","tasso di occupazione","9","totale","Y55-64","55-64 anni","2019","2019",59.667337,,
"ITE33","Macerata","EMP_R","tasso di occupazione","9","totale","Y55-64","55-64 anni","2019","2019",59.024916,,
"ITE34","Ascoli Piceno","EMP_R","tasso di occupazione","9","totale","Y55-64","55-64 anni","2019","2019",54.54112,,
"ITE41","Viterbo","EMP_R","tasso di occupazione","9","totale","Y55-64","55-64 anni","2019","2019",50.877271,,
"ITE42","Rieti","EMP_R","tasso di occupazione","9","totale","Y55-64","55-64 anni","2019","2019",53.506166,,
"ITE43","Roma","EMP_R","tasso di occupazione","9","totale","Y55-64","55-64 anni","2019","2019",62.681246,,
"ITE44","Latina","EMP_R","tasso di occupazione","9","totale","Y55-64","55-64 anni","2019","2019",52.841478,,
"ITG27","Cagliari","EMP_R","tasso di occupazione","9","totale","Y25-34","25-34 anni","2019","2019",59.577725,,
"ITF61","Cosenza","EMP_R","tasso di occupazione","9","totale","Y45-54","45-54 anni","2019","2019",52.749279,,
"ITF42","Bari","EMP_R","tasso di occupazione","9","totale","Y45-54","45-54 anni","2019","2019",62.287263,,
"ITD37","Rovigo","EMP_R","tasso di occupazione","9","totale","Y_GE15","15 anni e più","2019","2019",47.550989,,
"ITG28","Oristano","EMP_R","tasso di occupazione","9","totale","Y45-54","45-54 anni","2019","2019",59.517093,,
"ITF14","Chieti","EMP_R","tasso di occupazione","9","totale","Y_GE15","15 anni e più","2019","2019",41.952086,,
"ITF11","L'Aquila","EMP_R","tasso di occupazione","9","totale","Y25-34","25-34 anni","2019","2019",58.458985,,
"ITF35","Salerno","EMP_R","tasso di occupazione","9","totale","Y55-64","55-64 anni","2019","2019",45.04603,,
"ITF22","Campobasso","EMP_R","tasso di occupazione","9","totale","Y25-34","25-34 anni","2019","2019",52.482667,,
"ITE33","Macerata","EMP_R","tasso di occupazione","9","totale","Y_GE15","15 anni e più","2019","2019",48.414121,,
"ITG15","Caltanissetta","EMP_R","tasso di occupazione","9","totale","Y55-64","55-64 anni","2019","2019",37.387718,,
"ITF32","Benevento","EMP_R","tasso di occupazione","9","totale","Y45-54","45-54 anni","2019","2019",53.521095,,
"ITF51","Potenza","EMP_R","tasso di occupazione","9","totale","Y25-34","25-34 anni","2019","2019",49.157303,,
"ITG12","Palermo","EMP_R","tasso di occupazione","9","totale","Y35-44","35-44 anni","2019","2019",50.013975,,
"ITD58","Forlì-Cesena","EMP_R","tasso di occupazione","9","totale","Y_GE15","15 anni e più","2019","2019",53.674354,,
"ITF51","Potenza","EMP_R","tasso di occupazione","9","totale","Y15-24","15-24 anni","2019","2019",13.722509,,
"IT110","Barletta-Andria-Trani","EMP_R","tasso di occupazione","9","totale","Y25-34","25-34 anni","2019","2019",43.511201,,
"ITE21","Perugia","EMP_R","tasso di occupazione","9","totale","Y_GE15","15 anni e più","2019","2019",48.766572,,
"ITF12","Teramo","EMP_R","tasso di occupazione","9","totale","Y15-24","15-24 anni","2019","2019",13.543669,,
"ITG11","Trapani","EMP_R","tasso di occupazione","9","totale","Y45-54","45-54 anni","2019","2019",55.946585,,
"IT109","Fermo","EMP_R","tasso di occupazione","9","totale","Y15-24","15-24 anni","2019","2019",22.099107,,
"ITG19","Siracusa","EMP_R","tasso di occupazione","9","totale","Y45-54","45-54 anni","2019","2019",57.665009,,
"ITC43","Lecco","EMP_R","tasso di occupazione","9","totale","Y_GE15","15 anni e più","2019","2019",52.057499,,
"IT109","Fermo","EMP_R","tasso di occupazione","9","totale","Y25-34","25-34 anni","2019","2019",83.207114,,
"ITG12","Palermo","EMP_R","tasso di occupazione","9","totale","Y_GE15","15 anni e più","2019","2019",31.028397,,
"ITF34","Avellino","EMP_R","tasso di occupazione","9","totale","Y55-64","55-64 anni","2019","2019",51.754023,,
"ITG16","Enna","EMP_R","tasso di occupazione","9","totale","Y15-24","15-24 anni","2019","2019",10.318929,,
"IT110","Barletta-Andria-Trani","EMP_R","tasso di occupazione","9","totale","Y15-24","15-24 anni","2019","2019",11.56539,,
"ITG14","Agrigento","EMP_R","tasso di occupazione","9","totale","Y55-64","55-64 anni","2019","2019",44.696438,,
"ITC44","Sondrio","EMP_R","tasso di occupazione","9","totale","Y_GE15","15 anni e più","2019","2019",50.372529,,
"ITC33","Genova","EMP_R","tasso di occupazione","9","totale","Y_GE15","15 anni e più","2019","2019",45.361341,,
"ITF12","Teramo","EMP_R","tasso di occupazione","9","totale","Y25-34","25-34 anni","2019","2019",65.593334,,
"ITG25","Sassari","EMP_R","tasso di occupazione","9","totale","Y35-44","35-44 anni","2019","2019",68.569801,,
"ITF52","Matera","EMP_R","tasso di occupazione","9","totale","Y15-24","15-24 anni","2019","2019",14.35049,,
"ITF52","Matera","EMP_R","tasso di occupazione","9","totale","Y25-34","25-34 anni","2019","2019",57.050366,,
"ITD59","Rimini","EMP_R","tasso di occupazione","9","totale","Y_GE15","15 anni e più","2019","2019",51.178644,,
"ITF64","Vibo Valentia","EMP_R","tasso di occupazione","9","totale","Y35-44","35-44 anni","2019","2019",47.8119,,
"ITF33","Napoli","EMP_R","tasso di occupazione","9","totale","Y45-54","45-54 anni","2019","2019",49.166423,,
"ITF63","Catanzaro","EMP_R","tasso di occupazione","9","totale","Y35-44","35-44 anni","2019","2019",59.117692,,
"ITE34","Ascoli Piceno","EMP_R","tasso di occupazione","9","totale","Y_GE15","15 anni e più","2019","2019",45.542731,,
"ITG27","Cagliari","EMP_R","tasso di occupazione","9","totale","Y15-24","15-24 anni","2019","2019",12.804238,,
"ITF14","Chieti","EMP_R","tasso di occupazione","9","totale","Y35-44","35-44 anni","2019","2019",70.537035,,
"ITF62","Crotone","EMP_R","tasso di occupazione","9","totale","Y45-54","45-54 anni","2019","2019",45.128463,,
"ITG16","Enna","EMP_R","tasso di occupazione","9","totale","Y25-34","25-34 anni","2019","2019",40.798776,,
"ITF63","Catanzaro","EMP_R","tasso di occupazione","9","totale","Y_GE15","15 anni e più","2019","2019",36.317786,,
"ITC15","Novara","EMP_R","tasso di occupazione","9","totale","Y_GE15","15 anni e più","2019","2019",49.938028,,
"ITF33","Napoli","EMP_R","tasso di occupazione","9","totale","Y35-44","35-44 anni","2019","2019",49.428396,,
"ITG28","Oristano","EMP_R","tasso di occupazione","9","totale","Y_GE15","15 anni e più","2019","2019",37.4659,,
"ITF21","Isernia","EMP_R","tasso di occupazione","9","totale","Y15-24","15-24 anni","2019","2019",11.890914,,
"ITF62","Crotone","EMP_R","tasso di occupazione","9","totale","Y35-44","35-44 anni","2019","2019",48.734878,,
"ITG19","Siracusa","EMP_R","tasso di occupazione","9","totale","Y35-44","35-44 anni","2019","2019",55.62295,,
"ITG11","Trapani","EMP_R","tasso di occupazione","9","totale","Y35-44","35-44 anni","2019","2019",53.544131,,
"ITF42","Bari","EMP_R","tasso di occupazione","9","totale","Y_GE15","15 anni e più","2019","2019",40.36911,,
"ITF61","Cosenza","EMP_R","tasso di occupazione","9","totale","Y_GE15","15 anni e più","2019","2019",33.925294,,
"ITF32","Benevento","EMP_R","tasso di occupazione","9","totale","Y_GE15","15 anni e più","2019","2019",33.921431,,
"ITG26","Nuoro","EMP_R","tasso di occupazione","9","totale","Y15-24","15-24 anni","2019","2019",14.164491,,
"IT108","Monza e della Brianza","EMP_R","tasso di occupazione","9","totale","Y15-24","15-24 anni","2019","2019",15.297101,,
"ITF21","Isernia","EMP_R","tasso di occupazione","9","totale","Y25-34","25-34 anni","2019","2019",57.003491,,
"ITF22","Campobasso","EMP_R","tasso di occupazione","9","totale","Y15-24","15-24 anni","2019","2019",10.734566,,
"ITG25","Sassari","EMP_R","tasso di occupazione","9","totale","Y25-34","25-34 anni","2019","2019",61.888762,,
"IT111","Sud Sardegna","EMP_R","tasso di occupazione","9","totale","Y55-64","55-64 anni","2019","2019",45.567951,,
"ITC42","Como","EMP_R","tasso di occupazione","9","totale","Y_GE15","15 anni e più","2019","2019",51.586498,,
"ITF14","Chieti","EMP_R","tasso di occupazione","9","totale","Y45-54","45-54 anni","2019","2019",69.130981,,
"ITD57","Ravenna","EMP_R","tasso di occupazione","9","totale","Y_GE15","15 anni e più","2019","2019",52.178926,,
"ITE45","Frosinone","EMP_R","tasso di occupazione","9","totale","Y55-64","55-64 anni","2019","2019",45.058157,,
"ITG19","Siracusa","EMP_R","tasso di occupazione","9","totale","Y_GE15","15 anni e più","2019","2019",34.265302,,
"ITG13","Messina","EMP_R","tasso di occupazione","9","totale","Y55-64","55-64 anni","2019","2019",39.522344,,
"ITF61","Cosenza","EMP_R","tasso di occupazione","9","totale","Y35-44","35-44 anni","2019","2019",55.314282,,
"ITF42","Bari","EMP_R","tasso di occupazione","9","totale","Y35-44","35-44 anni","2019","2019",67.499915,,
"ITG12","Palermo","EMP_R","tasso di occupazione","9","totale","Y45-54","45-54 anni","2019","2019",51.722863,,
"ITG28","Oristano","EMP_R","tasso di occupazione","9","totale","Y35-44","35-44 anni","2019","2019",66.591636,,
"ITF33","Napoli","EMP_R","tasso di occupazione","9","totale","Y_GE15","15 anni e più","2019","2019",31.65004,,
"IT108","Monza e della Brianza","EMP_R","tasso di occupazione","9","totale","Y25-34","25-34 anni","2019","2019",75.681292,,
"ITF62","Crotone","EMP_R","tasso di occupazione","9","totale","Y_GE15","15 anni e più","2019","2019",29.266713,,
"ITC49","Lodi","EMP_R","tasso di occupazione","9","totale","Y_GE15","15 anni e più","2019","2019",50.558939,,
"ITG11","Trapani","EMP_R","tasso di occupazione","9","totale","Y_GE15","15 anni e più","2019","2019",30.793016,,
"ITE12","Lucca","EMP_R","tasso di occupazione","9","totale","Y_GE15","15 anni e più","2019","2019",45.206943,,
"ITG26","Nuoro","EMP_R","tasso di occupazione","9","totale","Y25-34","25-34 anni","2019","2019",58.543905,,
"ITE32","Ancona","EMP_R","tasso di occupazione","9","totale","Y_GE15","15 anni e più","2019","2019",47.126603,,
"ITF11","L'Aquila","EMP_R","tasso di occupazione","9","totale","Y15-24","15-24 anni","2019","2019",13.545295,,
"ITC13","Biella","EMP_R","tasso di occupazione","9","totale","Y_GE15","15 anni e più","2019","2019",46.546432,,
"ITE11","Massa-Carrara","EMP_R","tasso di occupazione","9","totale","Y_GE15","15 anni e più","2019","2019",46.455306,,
"ITD36","Padova","EMP_R","tasso di occupazione","9","totale","Y_GE15","15 anni e più","2019","2019",51.151789,,
"ITG18","Ragusa","EMP_R","tasso di occupazione","9","totale","Y55-64","55-64 anni","2019","2019",49.953176,,
"ITC14","Verbano-Cusio-Ossola","EMP_R","tasso di occupazione","9","totale","Y_GE15","15 anni e più","2019","2019",46.011829,,
"ITF44","Brindisi","EMP_R","tasso di occupazione","9","totale","Y55-64","55-64 anni","2019","2019",51.578749,,
"ITF32","Benevento","EMP_R","tasso di occupazione","9","totale","Y35-44","35-44 anni","2019","2019",54.030773,,
"ITD35","Venezia","EMP_R","tasso di occupazione","9","totale","Y_GE15","15 anni e più","2019","2019",49.309842,,
"ITF45","Lecce","EMP_R","tasso di occupazione","9","totale","Y55-64","55-64 anni","2019","2019",41.983142,,
"ITF63","Catanzaro","EMP_R","tasso di occupazione","9","totale","Y45-54","45-54 anni","2019","2019",54.998591,,
"ITG16","Enna","EMP_R","tasso di occupazione","9","totale","Y55-64","55-64 anni","2019","2019",35.980522,,
"ITD34","Treviso","EMP_R","tasso di occupazione","9","totale","Y_GE15","15 anni e più","2019","2019",50.736522,,
"IT111","Sud Sardegna","EMP_R","tasso di occupazione","9","totale","Y25-34","25-34 anni","2019","2019",50.442032,,
"ITD42","Udine","EMP_R","tasso di occupazione","9","totale","Y_GE15","15 anni e più","2019","2019",47.664487,,
"IT110","Barletta-Andria-Trani","EMP_R","tasso di occupazione","9","totale","Y55-64","55-64 anni","2019","2019",49.061995,,
"ITF35","Salerno","EMP_R","tasso di occupazione","9","totale","Y45-54","45-54 anni","2019","2019",57.077835,,
"ITC12","Vercelli","EMP_R","tasso di occupazione","9","totale","Y_GE15","15 anni e più","2019","2019",46.845964,,
"ITF65","Reggio di Calabria","EMP_R","tasso di occupazione","9","totale","Y35-44","35-44 anni","2019","2019",50.634175,,
"ITC48","Pavia","EMP_R","tasso di occupazione","9","totale","Y_GE15","15 anni e più","2019","2019",50.560922,,
"ITF34","Avellino","EMP_R","tasso di occupazione","9","totale","Y25-34","25-34 anni","2019","2019",52.211735,,
"ITF41","Foggia","EMP_R","tasso di occupazione","9","totale","Y_GE15","15 anni e più","2019","2019",31.415417,,
"ITF14","Chieti","EMP_R","tasso di occupazione","9","totale","Y15-24","15-24 anni","2019","2019",20.371302,,
"ITF41","Foggia","EMP_R","tasso di occupazione","9","totale","Y35-44","35-44 anni","2019","2019",48.417636,,
"ITE43","Roma","EMP_R","tasso di occupazione","9","totale","Y_GE15","15 anni e più","2019","2019",49.691395,,
"ITG12","Palermo","EMP_R","tasso di occupazione","9","totale","Y15-24","15-24 anni","2019","2019",9.016369,,
"ITF45","Lecce","EMP_R","tasso di occupazione","9","totale","Y25-34","25-34 anni","2019","2019",42.052653,,
"ITF13","Pescara","EMP_R","tasso di occupazione","9","totale","Y55-64","55-64 anni","2019","2019",58.012352,,
"ITE42","Rieti","EMP_R","tasso di occupazione","9","totale","Y_GE15","15 anni e più","2019","2019",42.955051,,
"ITG25","Sassari","EMP_R","tasso di occupazione","9","totale","Y15-24","15-24 anni","2019","2019",13.692167,,
"ITE17","Pisa","EMP_R","tasso di occupazione","9","totale","Y_GE15","15 anni e più","2019","2019",50.696005,,
"ITG14","Agrigento","EMP_R","tasso di occupazione","9","totale","Y45-54","45-54 anni","2019","2019",52.763505,,
"ITE45","Frosinone","EMP_R","tasso di occupazione","9","totale","Y25-34","25-34 anni","2019","2019",46.066388,,
"ITF64","Vibo Valentia","EMP_R","tasso di occupazione","9","totale","Y15-24","15-24 anni","2019","2019",9.914134,,
"ITG17","Catania","EMP_R","tasso di occupazione","9","totale","Y55-64","55-64 anni","2019","2019",41.939922,,
"ITF43","Taranto","EMP_R","tasso di occupazione","9","totale","Y55-64","55-64 anni","2019","2019",39.228217,,
"ITG13","Messina","EMP_R","tasso di occupazione","9","totale","Y25-34","25-34 anni","2019","2019",38.759011,,
"ITD41","Pordenone","EMP_R","tasso di occupazione","9","totale","Y_GE15","15 anni e più","2019","2019",50.734657,,
"ITF34","Avellino","EMP_R","tasso di occupazione","9","totale","Y45-54","45-54 anni","2019","2019",66.20669,,
"ITF31","Caserta","EMP_R","tasso di occupazione","9","totale","Y35-44","35-44 anni","2019","2019",52.562665,,
"ITF31","Caserta","EMP_R","tasso di occupazione","9","totale","Y_GE15","15 anni e più","2019","2019",33.246477,,
"ITF65","Reggio di Calabria","EMP_R","tasso di occupazione","9","totale","Y_GE15","15 anni e più","2019","2019",30.573396,,
"ITG15","Caltanissetta","EMP_R","tasso di occupazione","9","totale","Y45-54","45-54 anni","2019","2019",46.309509,,
"ITF63","Catanzaro","EMP_R","tasso di occupazione","9","totale","Y15-24","15-24 anni","2019","2019",16.934654,,
"ITG15","Caltanissetta","EMP_R","tasso di occupazione","9","totale","Y_GE15","15 anni e più","2019","2019",29.324102,,
"ITF35","Salerno","EMP_R","tasso di occupazione","9","totale","Y_GE15","15 anni e più","2019","2019",35.26936,,
"ITF52","Matera","EMP_R","tasso di occupazione","9","totale","Y55-64","55-64 anni","2019","2019",53.156431,,
"ITG18","Ragusa","EMP_R","tasso di occupazione","9","totale","Y25-34","25-34 anni","2019","2019",52.786634,,
"ITF33","Napoli","EMP_R","tasso di occupazione","9","totale","Y15-24","15-24 anni","2019","2019",10.916335,,
"ITE41","Viterbo","EMP_R","tasso di occupazione","9","totale","Y_GE15","15 anni e più","2019","2019",41.133933,,
"ITE16","Livorno","EMP_R","tasso di occupazione","9","totale","Y_GE15","15 anni e più","2019","2019",45.639942,,
"ITG19","Siracusa","EMP_R","tasso di occupazione","9","totale","Y15-24","15-24 anni","2019","2019",16.031846,,
"ITF22","Campobasso","EMP_R","tasso di occupazione","9","totale","Y55-64","55-64 anni","2019","2019",58.152052,,
"ITG11","Trapani","EMP_R","tasso di occupazione","9","totale","Y15-24","15-24 anni","2019","2019",8.287845,,
"ITF41","Foggia","EMP_R","tasso di occupazione","9","totale","Y45-54","45-54 anni","2019","2019",51.88787,,
"ITF13","Pescara","EMP_R","tasso di occupazione","9","totale","Y25-34","25-34 anni","2019","2019",55.423581,,
"ITC18","Alessandria","EMP_R","tasso di occupazione","9","totale","Y_GE15","15 anni e più","2019","2019",46.077288,,
"ITF32","Benevento","EMP_R","tasso di occupazione","9","totale","Y15-24","15-24 anni","2019","2019",12.348756,,
"ITF35","Salerno","EMP_R","tasso di occupazione","9","totale","Y35-44","35-44 anni","2019","2019",56.600449,,
"ITG27","Cagliari","EMP_R","tasso di occupazione","9","totale","Y55-64","55-64 anni","2019","2019",52.904877,,
"ITF61","Cosenza","EMP_R","tasso di occupazione","9","totale","Y15-24","15-24 anni","2019","2019",12.767757,,
"ITF42","Bari","EMP_R","tasso di occupazione","9","totale","Y15-24","15-24 anni","2019","2019",15.319742,,
"IT109","Fermo","EMP_R","tasso di occupazione","9","totale","Y55-64","55-64 anni","2019","2019",60.964521,,
"ITF34","Avellino","EMP_R","tasso di occupazione","9","totale","Y_GE15","15 anni e più","2019","2019",40.65595,,
"ITG15","Caltanissetta","EMP_R","tasso di occupazione","9","totale","Y35-44","35-44 anni","2019","2019",52.713272,,
"ITF65","Reggio di Calabria","EMP_R","tasso di occupazione","9","totale","Y45-54","45-54 anni","2019","2019",47.520337,,
"ITC47","Brescia","EMP_R","tasso di occupazione","9","totale","Y_GE15","15 anni e più","2019","2019",51.911148,,
"ITF31","Caserta","EMP_R","tasso di occupazione","9","totale","Y45-54","45-54 anni","2019","2019",51.762713,,
"ITF62","Crotone","EMP_R","tasso di occupazione","9","totale","Y15-24","15-24 anni","2019","2019",7.447748,,
"ITG28","Oristano","EMP_R","tasso di occupazione","9","totale","Y15-24","15-24 anni","2019","2019",12.559642,,
"ITG14","Agrigento","EMP_R","tasso di occupazione","9","totale","Y_GE15","15 anni e più","2019","2019",31.142074,,
"ITF12","Teramo","EMP_R","tasso di occupazione","9","totale","Y55-64","55-64 anni","2019","2019",58.068639,,
"ITF44","Brindisi","EMP_R","tasso di occupazione","9","totale","Y25-34","25-34 anni","2019","2019",55.1526,,
"ITC46","Bergamo","EMP_R","tasso di occupazione","9","totale","Y_GE15","15 anni e più","2019","2019",51.090393,,
"ITF51","Potenza","EMP_R","tasso di occupazione","9","totale","Y55-64","55-64 anni","2019","2019",53.289175,,
"ITG17","Catania","EMP_R","tasso di occupazione","9","totale","Y25-34","25-34 anni","2019","2019",40.020065,,
"ITF11","L'Aquila","EMP_R","tasso di occupazione","9","totale","Y55-64","55-64 anni","2019","2019",54.942565,,
"ITF43","Taranto","EMP_R","tasso di occupazione","9","totale","Y25-34","25-34 anni","2019","2019",39.507169,,
"ITC32","Savona","EMP_R","tasso di occupazione","9","totale","Y_GE15","15 anni e più","2019","2019",44.832303,,
"ITF41","Foggia","EMP_R","tasso di occupazione","9","totale","Y25-34","25-34 anni","2019","2019",43.328833,,
"ITF41","Foggia","EMP_R","tasso di occupazione","9","totale","Y15-24","15-24 anni","2019","2019",11.275337,,
"ITF31","Caserta","EMP_R","tasso di occupazione","9","totale","Y25-34","25-34 anni","2019","2019",41.993484,,
"ITC17","Asti","EMP_R","tasso di occupazione","9","totale","Y_GE15","15 anni e più","2019","2019",49.395489,,
"ITG14","Agrigento","EMP_R","tasso di occupazione","9","totale","Y35-44","35-44 anni","2019","2019",54.573144,,
"ITF64","Vibo Valentia","EMP_R","tasso di occupazione","9","totale","Y55-64","55-64 anni","2019","2019",51.207487,,
"ITE45","Frosinone","EMP_R","tasso di occupazione","9","totale","Y35-44","35-44 anni","2019","2019",63.28601,,
"ITG13","Messina","EMP_R","tasso di occupazione","9","totale","Y35-44","35-44 anni","2019","2019",47.663918,,
"ITG26","Nuoro","EMP_R","tasso di occupazione","9","totale","Y55-64","55-64 anni","2019","2019",46.004843,,
"IT111","Sud Sardegna","EMP_R","tasso di occupazione","9","totale","Y15-24","15-24 anni","2019","2019",12.542579,,
"ITE15","Prato","EMP_R","tasso di occupazione","9","totale","Y_GE15","15 anni e più","2019","2019",52.508158,,
"ITF13","Pescara","EMP_R","tasso di occupazione","9","totale","Y45-54","45-54 anni","2019","2019",75.013563,,
"ITE45","Frosinone","EMP_R","tasso di occupazione","9","totale","Y_GE15","15 anni e più","2019","2019",36.417547,,
"ITG25","Sassari","EMP_R","tasso di occupazione","9","totale","Y55-64","55-64 anni","2019","2019",54.123109,,
"ITC4B","Mantova","EMP_R","tasso di occupazione","9","totale","Y_GE15","15 anni e più","2019","2019",51.548361,,
"IT111","Sud Sardegna","EMP_R","tasso di occupazione","9","totale","Y45-54","45-54 anni","2019","2019",63.13621,,
"ITE14","Firenze","EMP_R","tasso di occupazione","9","totale","Y_GE15","15 anni e più","2019","2019",52.029923,,
"ITF65","Reggio di Calabria","EMP_R","tasso di occupazione","9","totale","Y25-34","25-34 anni","2019","2019",35.623174,,
"ITF21","Isernia","EMP_R","tasso di occupazione","9","totale","Y55-64","55-64 anni","2019","2019",52.355392,,
"ITC31","Imperia","EMP_R","tasso di occupazione","9","totale","Y_GE15","15 anni e più","2019","2019",42.380699,,
"ITC4A","Cremona","EMP_R","tasso di occupazione","9","totale","Y_GE15","15 anni e più","2019","2019",49.960925,,
"ITF45","Lecce","EMP_R","tasso di occupazione","9","totale","Y_GE15","15 anni e più","2019","2019",32.361039,,
"ITG13","Messina","EMP_R","tasso di occupazione","9","totale","Y_GE15","15 anni e più","2019","2019",30.01559,,
"ITC16","Cuneo","EMP_R","tasso di occupazione","9","totale","Y_GE15","15 anni e più","2019","2019",52.499134,,
"ITF65","Reggio di Calabria","EMP_R","tasso di occupazione","9","totale","Y15-24","15-24 anni","2019","2019",16.949095,,
"ITG18","Ragusa","EMP_R","tasso di occupazione","9","totale","Y45-54","45-54 anni","2019","2019",64.211686,,
"ITF31","Caserta","EMP_R","tasso di occupazione","9","totale","Y15-24","15-24 anni","2019","2019",10.88466,,
"IT108","Monza e della Brianza","EMP_R","tasso di occupazione","9","totale","Y55-64","55-64 anni","2019","2019",63.18265,,
"ITF44","Brindisi","EMP_R","tasso di occupazione","9","totale","Y45-54","45-54 anni","2019","2019",60.661423,,
"ITD52","Parma","EMP_R","tasso di occupazione","9","totale","Y_GE15","15 anni e più","2019","2019",52.461594,,
"ITG17","Catania","EMP_R","tasso di occupazione","9","totale","Y45-54","45-54 anni","2019","2019",53.38345,,
"ITD51","Piacenza","EMP_R","tasso di occupazione","9","totale","Y_GE15","15 anni e più","2019","2019",51.821115,,
"ITE1A","Grosseto","EMP_R","tasso di occupazione","9","totale","Y_GE15","15 anni e più","2019","2019",48.965149,,
"ITF45","Lecce","EMP_R","tasso di occupazione","9","totale","Y35-44","35-44 anni","2019","2019",57.675278,,
"ITF34","Avellino","EMP_R","tasso di occupazione","9","totale","Y35-44","35-44 anni","2019","2019",62.31963,,
"ITF43","Taranto","EMP_R","tasso di occupazione","9","totale","Y45-54","45-54 anni","2019","2019",59.463332,,
"ITG17","Catania","EMP_R","tasso di occupazione","9","totale","Y35-44","35-44 anni","2019","2019",51.428027,,
"ITF44","Brindisi","EMP_R","tasso di occupazione","9","totale","Y_GE15","15 anni e più","2019","2019",37.254044,,
"ITD56","Ferrara","EMP_R","tasso di occupazione","9","totale","Y_GE15","15 anni e più","2019","2019",49.134373,,
"ITG18","Ragusa","EMP_R","tasso di occupazione","9","totale","Y_GE15","15 anni e più","2019","2019",39.678405,,
"ITF13","Pescara","EMP_R","tasso di occupazione","9","totale","Y35-44","35-44 anni","2019","2019",69.475191,,
"ITD2","Provincia Autonoma Trento","EMP_R","tasso di occupazione","9","totale","Y_GE15","15 anni e più","2019","2019",52.436492,,
"ITG13","Messina","EMP_R","tasso di occupazione","9","totale","Y45-54","45-54 anni","2019","2019",52.857018,,
"ITF43","Taranto","EMP_R","tasso di occupazione","9","totale","Y35-44","35-44 anni","2019","2019",58.075003,,
"ITD44","Trieste","EMP_R","tasso di occupazione","9","totale","Y_GE15","15 anni e più","2019","2019",48.242451,,
"ITD55","Bologna","EMP_R","tasso di occupazione","9","totale","Y_GE15","15 anni e più","2019","2019",54.431849,,
"ITF62","Crotone","EMP_R","tasso di occupazione","9","totale","Y55-64","55-64 anni","2019","2019",33.512606,,
"ITF13","Pescara","EMP_R","tasso di occupazione","9","totale","Y_GE15","15 anni e più","2019","2019",43.755705,,
"ITE45","Frosinone","EMP_R","tasso di occupazione","9","totale","Y45-54","45-54 anni","2019","2019",61.113972,,
"ITF35","Salerno","EMP_R","tasso di occupazione","9","totale","Y25-34","25-34 anni","2019","2019",44.005162,,
"IT111","Sud Sardegna","EMP_R","tasso di occupazione","9","totale","Y35-44","35-44 anni","2019","2019",67.318476,,
"ITE13","Pistoia","EMP_R","tasso di occupazione","9","totale","Y_GE15","15 anni e più","2019","2019",47.070383,,
"ITF35","Salerno","EMP_R","tasso di occupazione","9","totale","Y15-24","15-24 anni","2019","2019",13.69603,,
"ITC20","Valle d'Aosta / Vallée d'Aoste","EMP_R","tasso di occupazione","9","totale","Y_GE15","15 anni e più","2019","2019",51.224977,,
"ITE44","Latina","EMP_R","tasso di occupazione","9","totale","Y_GE15","15 anni e più","2019","2019",42.562929,,
"ITF44","Brindisi","EMP_R","tasso di occupazione","9","totale","Y35-44","35-44 anni","2019","2019",57.744906,,
"ITF63","Catanzaro","EMP_R","tasso di occupazione","9","totale","Y55-64","55-64 anni","2019","2019",47.043524,,
"ITG12","Palermo","EMP_R","tasso di occupazione","9","totale","Y55-64","55-64 anni","2019","2019",42.182762,,
"ITF45","Lecce","EMP_R","tasso di occupazione","9","totale","Y45-54","45-54 anni","2019","2019",53.49888,,
"ITE18","Arezzo","EMP_R","tasso di occupazione","9","totale","Y_GE15","15 anni e più","2019","2019",48.955114,,
"ITG19","Siracusa","EMP_R","tasso di occupazione","9","totale","Y55-64","55-64 anni","2019","2019",40.90155,,
"ITG11","Trapani","EMP_R","tasso di occupazione","9","totale","Y55-64","55-64 anni","2019","2019",38.875756,,
"ITG14","Agrigento","EMP_R","tasso di occupazione","9","totale","Y25-34","25-34 anni","2019","2019",37.644469,,
"ITF33","Napoli","EMP_R","tasso di occupazione","9","totale","Y55-64","55-64 anni","2019","2019",42.367529,,
"ITF14","Chieti","EMP_R","tasso di occupazione","9","totale","Y55-64","55-64 anni","2019","2019",52.886208,,
"ITF43","Taranto","EMP_R","tasso di occupazione","9","totale","Y_GE15","15 anni e più","2019","2019",32.50186,,
"ITG18","Ragusa","EMP_R","tasso di occupazione","9","totale","Y35-44","35-44 anni","2019","2019",60.766815,,
"ITE19","Siena","EMP_R","tasso di occupazione","9","totale","Y_GE15","15 anni e più","2019","2019",50.975118,,
"ITG17","Catania","EMP_R","tasso di occupazione","9","totale","Y_GE15","15 anni e più","2019","2019",32.27974,,
"ITG15","Caltanissetta","EMP_R","tasso di occupazione","9","totale","Y15-24","15-24 anni","2019","2019",12.484407,,
"ITG15","Caltanissetta","EMP_R","tasso di occupazione","9","totale","Y25-34","25-34 anni","2019","2019",37.609216,,
"ITG14","Agrigento","EMP_R","tasso di occupazione","9","totale","Y15-24","15-24 anni","2019","2019",6.118461,,
"ITG25","Sassari","EMP_R","tasso di occupazione","9","totale","Y45-54","45-54 anni","2019","2019",65.5466,,
"ITF34","Avellino","EMP_R","tasso di occupazione","9","totale","Y15-24","15-24 anni","2019","2019",18.946603,,
"ITF11","L'Aquila","EMP_R","tasso di occupazione","9","totale","Y_GE15","15 anni e più","2019","2019",43.487773,,
"ITF64","Vibo Valentia","EMP_R","tasso di occupazione","9","totale","Y45-54","45-54 anni","2019","2019",50.045078,,
"ITF14","Chieti","EMP_R","tasso di occupazione","9","totale","Y25-34","25-34 anni","2019","2019",60.346628,,
"ITF22","Campobasso","EMP_R","tasso di occupazione","9","totale","Y_GE15","15 anni e più","2019","2019",40.657106,,
"ITF51","Potenza","EMP_R","tasso di occupazione","9","totale","Y_GE15","15 anni e più","2019","2019",37.590303,,
"IT109","Fermo","EMP_R","tasso di occupazione","9","totale","Y_GE15","15 anni e più","2019","2019",50.801991,,
"IT108","Monza e della Brianza","EMP_R","tasso di occupazione","9","totale","Y45-54","45-54 anni","2019","2019",84.520249,,
"ITG27","Cagliari","EMP_R","tasso di occupazione","9","totale","Y35-44","35-44 anni","2019","2019",69.483701,,
"ITG28","Oristano","EMP_R","tasso di occupazione","9","totale","Y55-64","55-64 anni","2019","2019",48.776151,,
"ITE45","Frosinone","EMP_R","tasso di occupazione","9","totale","Y15-24","15-24 anni","2019","2019",12.694844,,
"ITF52","Matera","EMP_R","tasso di occupazione","9","totale","Y_GE15","15 anni e più","2019","2019",40.353332,,
"IT110","Barletta-Andria-Trani","EMP_R","tasso di occupazione","9","totale","Y_GE15","15 anni e più","2019","2019",34.331282,,
"ITF61","Cosenza","EMP_R","tasso di occupazione","9","totale","Y55-64","55-64 anni","2019","2019",42.67803,,
"ITF42","Bari","EMP_R","tasso di occupazione","9","totale","Y55-64","55-64 anni","2019","2019",50.52922,,
"ITC41","Varese","EMP_R","tasso di occupazione","9","totale","Y_GE15","15 anni e più","2019","2019",50.253786,,
"ITG12","Palermo","EMP_R","tasso di occupazione","9","totale","Y25-34","25-34 anni","2019","2019",37.968388,,
"ITF21","Isernia","EMP_R","tasso di occupazione","9","totale","Y45-54","45-54 anni","2019","2019",64.500926,,
"ITD33","Belluno","EMP_R","tasso di occupazione","9","totale","Y_GE15","15 anni e più","2019","2019",52.010907,,
"ITD54","Modena","EMP_R","tasso di occupazione","9","totale","Y_GE15","15 anni e più","2019","2019",52.987573,,
"ITD43","Gorizia","EMP_R","tasso di occupazione","9","totale","Y_GE15","15 anni e più","2019","2019",46.011796,,
"ITG13","Messina","EMP_R","tasso di occupazione","9","totale","Y15-24","15-24 anni","2019","2019",8.830564,,
"ITG26","Nuoro","EMP_R","tasso di occupazione","9","totale","Y45-54","45-54 anni","2019","2019",63.719914,,
"ITG16","Enna","EMP_R","tasso di occupazione","9","totale","Y35-44","35-44 anni","2019","2019",55.765456,,
"ITF12","Teramo","EMP_R","tasso di occupazione","9","totale","Y_GE15","15 anni e più","2019","2019",45.637312,,
"IT110","Barletta-Andria-Trani","EMP_R","tasso di occupazione","9","totale","Y35-44","35-44 anni","2019","2019",54.816892,,
"ITF45","Lecce","EMP_R","tasso di occupazione","9","totale","Y15-24","15-24 anni","2019","2019",13.359137,,
"ITE31","Pesaro e Urbino","EMP_R","tasso di occupazione","9","totale","Y_GE15","15 anni e più","2019","2019",49.198186,,
"IT109","Fermo","EMP_R","tasso di occupazione","9","totale","Y35-44","35-44 anni","2019","2019",78.656384,,
"ITF12","Teramo","EMP_R","tasso di occupazione","9","totale","Y35-44","35-44 anni","2019","2019",73.21854,,
"ITG16","Enna","EMP_R","tasso di occupazione","9","totale","Y_GE15","15 anni e più","2019","2019",30.132936,,
"ITF64","Vibo Valentia","EMP_R","tasso di occupazione","9","totale","Y25-34","25-34 anni","2019","2019",36.898748,,
"ITG27","Cagliari","EMP_R","tasso di occupazione","9","totale","Y_GE15","15 anni e più","2019","2019",43.089005,,
"ITF52","Matera","EMP_R","tasso di occupazione","9","totale","Y35-44","35-44 anni","2019","2019",64.242282,,
"ITF51","Potenza","EMP_R","tasso di occupazione","9","totale","Y35-44","35-44 anni","2019","2019",62.623105,,
"ITF32","Benevento","EMP_R","tasso di occupazione","9","totale","Y55-64","55-64 anni","2019","2019",45.858745,,
"ITD53","Reggio nell'Emilia","EMP_R","tasso di occupazione","9","totale","Y_GE15","15 anni e più","2019","2019",54.474377,,
"ITF63","Catanzaro","EMP_R","tasso di occupazione","9","totale","Y25-34","25-34 anni","2019","2019",48.425054,,
"ITF13","Pescara","EMP_R","tasso di occupazione","9","totale","Y15-24","15-24 anni","2019","2019",13.140392,,
"IT110","Barletta-Andria-Trani","EMP_R","tasso di occupazione","9","totale","Y45-54","45-54 anni","2019","2019",52.001274,,
"ITF21","Isernia","EMP_R","tasso di occupazione","9","totale","Y35-44","35-44 anni","2019","2019",76.637456,,
"IT111","Sud Sardegna","EMP_R","tasso di occupazione","9","totale","Y_GE15","15 anni e più","2019","2019",37.541448,,
"ITC34","La Spezia","EMP_R","tasso di occupazione","9","totale","Y_GE15","15 anni e più","2019","2019",45.851782,,
"ITF11","L'Aquila","EMP_R","tasso di occupazione","9","totale","Y45-54","45-54 anni","2019","2019",74.987174,,
"ITG25","Sassari","EMP_R","tasso di occupazione","9","totale","Y_GE15","15 anni e più","2019","2019",43.493,,
"ITF22","Campobasso","EMP_R","tasso di occupazione","9","totale","Y45-54","45-54 anni","2019","2019",68.839612,,
"ITC11","Torino","EMP_R","tasso di occupazione","9","totale","Y_GE15","15 anni e più","2019","2019",48.06501,,
"ITC45","Milano","EMP_R","tasso di occupazione","9","totale","Y_GE15","15 anni e più","2019","2019",53.564377,,
"ITF51","Potenza","EMP_R","tasso di occupazione","9","totale","Y45-54","45-54 anni","2019","2019",59.765041,,
"ITF42","Bari","EMP_R","tasso di occupazione","9","totale","Y25-34","25-34 anni","2019","2019",55.73867,,
"ITD31","Verona","EMP_R","tasso di occupazione","9","totale","Y_GE15","15 anni e più","2019","2019",54.415536,,
"ITF12","Teramo","EMP_R","tasso di occupazione","9","totale","Y45-54","45-54 anni","2019","2019",74.154263,,
"ITF52","Matera","EMP_R","tasso di occupazione","9","totale","Y45-54","45-54 anni","2019","2019",65.42837,,
"ITD32","Vicenza","EMP_R","tasso di occupazione","9","totale","Y_GE15","15 anni e più","2019","2019",52.186267,,
"ITF22","Campobasso","EMP_R","tasso di occupazione","9","totale","Y35-44","35-44 anni","2019","2019",68.141049,,
"ITG19","Siracusa","EMP_R","tasso di occupazione","9","totale","Y25-34","25-34 anni","2019","2019",44.375037,,
"IT109","Fermo","EMP_R","tasso di occupazione","9","totale","Y45-54","45-54 anni","2019","2019",80.692282,,
"ITG26","Nuoro","EMP_R","tasso di occupazione","9","totale","Y35-44","35-44 anni","2019","2019",64.680332,,
"ITE22","Terni","EMP_R","tasso di occupazione","9","totale","Y_GE15","15 anni e più","2019","2019",43.434349,,
"ITG26","Nuoro","EMP_R","tasso di occupazione","9","totale","Y_GE15","15 anni e più","2019","2019",38.010176,,
"IT108","Monza e della Brianza","EMP_R","tasso di occupazione","9","totale","Y_GE15","15 anni e più","2019","2019",52.01225,,
"ITF21","Isernia","EMP_R","tasso di occupazione","9","totale","Y_GE15","15 anni e più","2019","2019",40.917969,,
"ITF41","Foggia","EMP_R","tasso di occupazione","9","totale","Y55-64","55-64 anni","2019","2019",42.917015,,
"ITG11","Trapani","EMP_R","tasso di occupazione","9","totale","Y25-34","25-34 anni","2019","2019",40.710993,,
"ITF33","Napoli","EMP_R","tasso di occupazione","9","totale","Y25-34","25-34 anni","2019","2019",38.102068,,
"ITF32","Benevento","EMP_R","tasso di occupazione","9","totale","Y25-34","25-34 anni","2019","2019",45.32086,,
"ITG27","Cagliari","EMP_R","tasso di occupazione","9","totale","Y45-54","45-54 anni","2019","2019",65.605087,,
"ITF61","Cosenza","EMP_R","tasso di occupazione","9","totale","Y25-34","25-34 anni","2019","2019",45.027615,,
"ITG18","Ragusa","EMP_R","tasso di occupazione","9","totale","Y15-24","15-24 anni","2019","2019",16.225514,,
"ITF65","Reggio di Calabria","EMP_R","tasso di occupazione","9","totale","Y55-64","55-64 anni","2019","2019",40.260098,,
"ITG28","Oristano","EMP_R","tasso di occupazione","9","totale","Y25-34","25-34 anni","2019","2019",53.16406,,
"ITF64","Vibo Valentia","EMP_R","tasso di occupazione","9","totale","Y_GE15","15 anni e più","2019","2019",31.257582,,
"ITF44","Brindisi","EMP_R","tasso di occupazione","9","totale","Y15-24","15-24 anni","2019","2019",14.627635,,
"ITG17","Catania","EMP_R","tasso di occupazione","9","totale","Y15-24","15-24 anni","2019","2019",11.09903,,
"ITF31","Caserta","EMP_R","tasso di occupazione","9","totale","Y55-64","55-64 anni","2019","2019",42.238802,,
"ITF62","Crotone","EMP_R","tasso di occupazione","9","totale","Y25-34","25-34 anni","2019","2019",40.018644,,
"IT108","Monza e della Brianza","EMP_R","tasso di occupazione","9","totale","Y35-44","35-44 anni","2019","2019",85.14236,,
"ITG16","Enna","EMP_R","tasso di occupazione","9","totale","Y45-54","45-54 anni","2019","2019",49.959508,,
"ITF11","L'Aquila","EMP_R","tasso di occupazione","9","totale","Y35-44","35-44 anni","2019","2019",73.704287,,
"ITD1","Provincia Autonoma Bolzano / Bozen","EMP_R","tasso di occupazione","9","totale","Y_GE15","15 anni e più","2019","2019",58.87453,,
"ITF43","Taranto","EMP_R","tasso di occupazione","9","totale","Y15-24","15-24 anni","2019","2019",11.632368,,
