evid_id,even_id,sent_id,doc_url,crawl_id,crawl_date,text,citation_url,anno_provided_url,fine_grained_location,type,country,date,value,restriction,source_type
c8afbf36-bbba-4653-afce-305517d61a83,9a6e4c4a-c4d7-11ea-81dc-eeee0af715ab,15e82686-c116-11ea-ac12-069b8ffc8dc8_7,https://en.wikipedia.org/w/index.php?title=COVID-19_pandemic_in_Italy&oldid=966498017,2020-07-08_4fa144b8-c114-11ea-9085-069b8ffc8dc8,2020-07-08,"The Italian Basketball Federation suspended all of its championship games, including Lega Basket Serie A.Istituto Tecnico Economico Enrico Tosi in Varese, Istituto Comprensivo di Pianoro in Bologna and Liceo Attilio Bertolucci in Parma conducted lessons for students online while waiting for the schools to reopen.",https://www.raisport.rai.it/articoli/2020/02/basket-A-A2-maschile-femminile-6592d551-065e-4245-931a-488e53809874.html|https://parma.repubblica.it/cronaca/2020/02/26/news/coronavirus_confinati_si_isolati_no_il_racconto_dei_liceali_di_parma_dalle_loro_camere-249616316/,,ITA,entertainment/cultural sector closure,ITA,2020-02-01,"Museums, theaters, cinema, libraries, festivities",1,O
da9dcd34-91e9-48ab-be5e-8e08008540f0,786bbf96-c4d8-11ea-ac90-eeee0af510b7,15e82686-c116-11ea-ac12-069b8ffc8dc8_10,https://en.wikipedia.org/w/index.php?title=COVID-19_pandemic_in_Italy&oldid=966498017,2020-07-08_4fa144b8-c114-11ea-9085-069b8ffc8dc8,2020-07-08,"On 13 May, Education Minister Lucia Azzolina announced schools would remain closed until September.",,,ITA,school closure,ITA,2020-05-13,na,1,W
55851da1-04b9-4753-950d-9d4b1134a15a,a7495c9c-fc8c-45b0-a09c-3f2b85e29465,a2bff85a-8fe2-11ea-a170-069b8ffc8dc8_463,https://en.wikipedia.org/wiki/COVID-19_pandemic_in_Italy,2020-05-06_d0cba9ae-8fda-11ea-b351-069b8ffc8dc8,2020-05-06,"After the first outbreak in Lombardy and Veneto, the regional governments of Emilia-Romagna, Friuli Venezia Giulia, Liguria, Lombardy, Piedmont, Trentino, and Veneto closed all schools and universities from 23 February to 1 March.",http://www.today.it/attualita/scuole-chiuse-coronavirus-dove-quando.html,,Lombardy|Veneto|Emilia-Romagna|Friuli Venezia Giulia|Liguria|Lombardy|Piedmont|Trentino|Veneto,entertainment/cultural sector closure,ITA,2020-02-23,"Bars, restaurants, night clubs",1,O
ea195879-50d8-445f-a9ab-875803efb51c,a7495c9c-fc8c-45b0-a09c-3f2b85e29465,a2bff85a-8fe2-11ea-a170-069b8ffc8dc8_157,https://en.wikipedia.org/wiki/COVID-19_pandemic_in_Italy,2020-05-06_d0cba9ae-8fda-11ea-b351-069b8ffc8dc8,2020-05-06,"Universities in Lombardy, Veneto, Trentino Alto-Adige, Piedmont and Emilia-Romagna suspended all activities from 23 February until 1 March.",https://magazine.unibo.it/archivio/2020/coronavirus-sospensione-attivita-didattica-e-misure-precauzionali-contro-la-diffusione-dell2019infezione,,Lombardy|Veneto|Trentino Alto-Adige|Piedmont|Emilia-Romagna,entertainment/cultural sector closure,ITA,2020-02-23,"Bars, restaurants, night clubs",1,O
9d14d785-91c9-473f-9450-29b9fd5a513b,6195e2f6-32d2-4d32-8001-5dea07f11198,a2bff85a-8fe2-11ea-a170-069b8ffc8dc8_178,https://en.wikipedia.org/wiki/COVID-19_pandemic_in_Italy,2020-05-06_d0cba9ae-8fda-11ea-b351-069b8ffc8dc8,2020-05-06,"Multiple regions in Italy such as Liguria, Trentino Alto Adige, Friuli Venezia Giulia, Abruzzo and Marche decided to close all schools and universities for two days to a week.",,,Italy|Liguria|Trentino Alto Adige|Friuli Venezia Giulia|Abruzzo|Marche,school closure,ITA,2020-02-24,Universities closed,1,W
4b30ee7a-5bd5-4035-878e-f8b061da4a5d,33c914bc-a553-4eec-838a-6bda9c109c1e,a2bff85a-8fe2-11ea-a170-069b8ffc8dc8_134,https://en.wikipedia.org/wiki/COVID-19_pandemic_in_Italy,2020-05-06_d0cba9ae-8fda-11ea-b351-069b8ffc8dc8,2020-05-06,"Two days later, the government extended the lockdown measures to the whole country.",,,,confinement,ITA,2020-03-10,na,1,W
17a234df-7fc8-404d-83b6-8329fed5e460,340f17cf-dcf8-4f33-925a-5eb1fbbbbe59,a2bff85a-8fe2-11ea-a170-069b8ffc8dc8_159,https://en.wikipedia.org/wiki/COVID-19_pandemic_in_Italy,2020-05-06_d0cba9ae-8fda-11ea-b351-069b8ffc8dc8,2020-05-06,"The following week, six Serie A matches were initially to be played behind closed doors, but all were later suspended, as were two Coppa Italia matches.",https://www.football-italia.net/150715/official-sampdoria-verona|https://www.football-italia.net/150804/official-napoli-inter-postponed,,Serie A|Coppa Italia,entertainment/cultural sector closure,ITA,2020-02-22,na,1,O
ff53fca8-f5b7-438a-b193-916ea40e7987,413e610a-1e75-4ba2-b9b9-9acc5c17060d,a2bff85a-8fe2-11ea-a170-069b8ffc8dc8_168,https://en.wikipedia.org/wiki/COVID-19_pandemic_in_Italy,2020-05-06_d0cba9ae-8fda-11ea-b351-069b8ffc8dc8,2020-05-06,"Streets, parks and train stations in multiple cities in Lombardy were left deserted.",https://www.tgcom24.mediaset.it/cronaca/lombardia/foto/coronavirus-milano-deserta-mezzi-pubblici-vuoti-e-mercati-abbandonati_15301555-2020.shtml,,Lombardy,entertainment/cultural sector closure,ITA,2020-05-10,Parks and public gardens,1,O
d403436b-bf00-4e31-9da1-e84d037e5e11,d0fb4ca1-ac50-459a-b34d-455d8352d922,a2bff85a-8fe2-11ea-a170-069b8ffc8dc8_311,https://en.wikipedia.org/wiki/COVID-19_pandemic_in_Italy,2020-05-06_d0cba9ae-8fda-11ea-b351-069b8ffc8dc8,2020-05-06,"The European Parliament's Director General for Personnel, Kristian Knudsen, requested that staff who had travelled to areas affected by the COVID-19 outbreak, including parts of Italy, China, Singapore and South Korea, to self-quarantine and work from home for 14 days.",https://www.repubblica.it/cronaca/2020/02/26/news/conoravirus_bruxelles_bartolo-249655095/,,The European Parliament'S|Italy|China|Singapore|South Korea,introduction of travel quarantine policies,ITA,2020-02-24,KOR,1,O
30467ee8-f5a5-459c-8d4d-4a9bc0e7a34d,0da4a965-f6b1-4c10-9ce9-7c013d352230,a2bff85a-8fe2-11ea-a170-069b8ffc8dc8_311,https://en.wikipedia.org/wiki/COVID-19_pandemic_in_Italy,2020-05-06_d0cba9ae-8fda-11ea-b351-069b8ffc8dc8,2020-05-06,"The European Parliament's Director General for Personnel, Kristian Knudsen, requested that staff who had travelled to areas affected by the COVID-19 outbreak, including parts of Italy, China, Singapore and South Korea, to self-quarantine and work from home for 14 days.",https://www.repubblica.it/cronaca/2020/02/26/news/conoravirus_bruxelles_bartolo-249655095/,,The European Parliament'S|Italy|China|Singapore|South Korea,introduction of travel quarantine policies,ITA,2020-02-24,SGP,1,O
5bf7ac49-8623-41a0-837a-8cc8bd03abb0,2133129f-f140-4800-9835-ea0e298348f8,a2bff85a-8fe2-11ea-a170-069b8ffc8dc8_311,https://en.wikipedia.org/wiki/COVID-19_pandemic_in_Italy,2020-05-06_d0cba9ae-8fda-11ea-b351-069b8ffc8dc8,2020-05-06,"The European Parliament's Director General for Personnel, Kristian Knudsen, requested that staff who had travelled to areas affected by the COVID-19 outbreak, including parts of Italy, China, Singapore and South Korea, to self-quarantine and work from home for 14 days.",https://www.repubblica.it/cronaca/2020/02/26/news/conoravirus_bruxelles_bartolo-249655095/,,The European Parliament'S|Italy|China|Singapore|South Korea,introduction of travel quarantine policies,ITA,2020-02-24,CHN,1,O
9b3ea1fd-5c7f-418d-ba49-1d77dc7645f7,8329d02c-2199-4704-9137-b4d85104c458,a2bff85a-8fe2-11ea-a170-069b8ffc8dc8_208,https://en.wikipedia.org/wiki/COVID-19_pandemic_in_Italy,2020-05-06_d0cba9ae-8fda-11ea-b351-069b8ffc8dc8,2020-05-06,D'Annunzio University suspended all activities until 29 February.,https://www.scuolainforma.it/2020/02/26/aggiornamento-coronavirus-al-26-2-per-ogni-regione-altre-scuole-chiuse-nuovo-decreto.html,,D'Annunzio University,school closure,ITA,2020-02-29,Universities closed,1,O
74462afd-6f08-43e9-9418-127ce9fa29e5,fb0bc5f6-cece-4c48-b1d6-5ebb62712fc9,a2bff85a-8fe2-11ea-a170-069b8ffc8dc8_236,https://en.wikipedia.org/wiki/COVID-19_pandemic_in_Italy,2020-05-06_d0cba9ae-8fda-11ea-b351-069b8ffc8dc8,2020-05-06,"Shopping centres had to be closed on weekends, while other commercial activities could remain open if a distance of one metre between customers could be guaranteed.",https://www.romatoday.it/attualita/coronavirus-pub-cinema-teatri-locali-chiusi-nuovo-decreto.html,,,entertainment/cultural sector closure,ITA,2020-03-07,"Museums, theaters, cinema, libraries, festivities",1,O
67832abf-9b7c-48ce-b986-77ea255f78c8,dcf34e76-9be6-46ae-be6a-44abf222e9f0,a2bff85a-8fe2-11ea-a170-069b8ffc8dc8_152,https://en.wikipedia.org/wiki/COVID-19_pandemic_in_Italy,2020-05-06_d0cba9ae-8fda-11ea-b351-069b8ffc8dc8,2020-05-06,All religious services were cancelled.,https://www.repubblica.it/cronaca/2020/02/23/news/coronavirus_scuole_chiuse_e_niente_carnevale_tutti_i_provvedimenti-249355737/,,Italy,entertainment/cultural sector closure,ITA,2020-02-22,Churches,1,O
5154b3c5-9eb0-47c8-9c19-6c6d7bfe7f0b,39be76eb-0b59-4010-bf2f-a995e6892365,a2bff85a-8fe2-11ea-a170-069b8ffc8dc8_151,https://en.wikipedia.org/wiki/COVID-19_pandemic_in_Italy,2020-05-06_d0cba9ae-8fda-11ea-b351-069b8ffc8dc8,2020-05-06,All public events were cancelled and some commercial activities were halted or were allowed to resume only until 6Â pm.,https://www.corriere.it/cronache/20_febbraio_21/scuole-chiuse-il-coronavirus-lombardia-lodi-piacenza-codogno-a190ccee-54bd-11ea-9196-da7d305401b7.shtml,,Italy,entertainment/cultural sector closure,ITA,2020-02-22,"Museums, theaters, cinema, libraries, festivities",1,O
b78bb865-bf09-4f1c-9186-4b5823db862b,8afb0d1b-0073-4de7-9fce-bf502a3b4a8e,a2bff85a-8fe2-11ea-a170-069b8ffc8dc8_178,https://en.wikipedia.org/wiki/COVID-19_pandemic_in_Italy,2020-05-06_d0cba9ae-8fda-11ea-b351-069b8ffc8dc8,2020-05-06,"Multiple regions in Italy such as Liguria, Trentino Alto Adige, Friuli Venezia Giulia, Abruzzo and Marche decided to close all schools and universities for two days to a week.",,,Italy|Liguria|Trentino Alto Adige|Friuli Venezia Giulia|Abruzzo|Marche,school closure,ITA,2020-02-24,Only schools (primary/secondary) closed,1,W
dd589b49-82a6-4997-9219-a21665e4785d,a16b0b61-b1f4-4f0f-bc01-69af474a66b3,a2bff85a-8fe2-11ea-a170-069b8ffc8dc8_755,https://en.wikipedia.org/wiki/COVID-19_pandemic_in_Italy,2020-05-06_d0cba9ae-8fda-11ea-b351-069b8ffc8dc8,2020-05-06,"She worked for a daycare centre in Riehen, and after her test was confirmed, the children at the daycare were put into a two-week quarantine.",https://www.reuters.com/article/us-china-health-swiss-idUSKCN20L167,,Riehen,confinement,ITA,2020-02-27,na,1,O
b69aa624-7aef-42b3-a895-150d7415bac1,cc25ea21-c084-4125-9711-c68dabf83546,a2bff85a-8fe2-11ea-a170-069b8ffc8dc8_117,https://en.wikipedia.org/wiki/COVID-19_pandemic_in_Italy,2020-05-06_d0cba9ae-8fda-11ea-b351-069b8ffc8dc8,2020-05-06,A 51-year-old man from Piandimeleto who went to Romania with the man also tested positive and underwent self-quarantine at home.,https://www.digi24.ro/stiri/actualitate/un-italian-care-l-a-insotit-in-romania-pe-barbatul-de-71-de-ani-infectat-are-si-el-coronavirus-1266637,,Piandimeleto,introduction of travel quarantine policies,ITA,2020-02-22,ROU,1,O
6f37d88d-e2d6-49d2-9c54-ec80d13aaf01,d8b9dbe5-da60-45e5-b161-5259544c38e7,a2bff85a-8fe2-11ea-a170-069b8ffc8dc8_10,https://en.wikipedia.org/wiki/COVID-19_pandemic_in_Italy,2020-05-06_d0cba9ae-8fda-11ea-b351-069b8ffc8dc8,2020-05-06,"On 21 March, the Italian government closed all non-essential businesses and industries, and restricted movement of people.",https://www.theguardian.com/world/2020/mar/22/italian-pm-warns-of-worst-crisis-since-ww2-as-coronavirus-deaths-leap-by-almost-800,,Italian,work restrictions,ITA,2020-03-21,na,1,O
bbf5b905-54ab-478c-83f0-c54aa4a0f7fb,d8b9dbe5-da60-45e5-b161-5259544c38e7,a2bff85a-8fe2-11ea-a170-069b8ffc8dc8_425,https://en.wikipedia.org/wiki/COVID-19_pandemic_in_Italy,2020-05-06_d0cba9ae-8fda-11ea-b351-069b8ffc8dc8,2020-05-06,"On 21 March, the government issued the shutdown of all non-essential businesses, industries, and economic activities.",https://www.bloomberg.com/news/articles/2020-03-21/germany-plans-extra-spending-of-eu150-billion-scholz-says,,Italy,work restrictions,ITA,2020-03-21,na,1,O
5af91149-ef92-4110-ae60-66ab106ecf69,dca5da76-6910-4713-bd67-4200f716f8c5,a2bff85a-8fe2-11ea-a170-069b8ffc8dc8_187,https://en.wikipedia.org/wiki/COVID-19_pandemic_in_Italy,2020-05-06_d0cba9ae-8fda-11ea-b351-069b8ffc8dc8,2020-05-06,"The Italian Basketball Federation suspended all of its championship games, including Lega Basket Serie A.Istituto Tecnico Economico Enrico Tosi in Varese, Istituto Comprensivo di Pianoro in Bologna and Liceo Attilio Bertolucci in Parma conducted lessons for students online while waiting for the schools to reopen.",https://www.raisport.rai.it/articoli/2020/02/basket-A-A2-maschile-femminile-6592d551-065e-4245-931a-488e53809874.html|https://parma.repubblica.it/cronaca/2020/02/26/news/coronavirus_confinati_si_isolati_no_il_racconto_dei_liceali_di_parma_dalle_loro_camere-249616316/,,The Italian Basketball Federation|Lega Basket Serie A.Istituto|Varese|Istituto Comprensivo Di Pianoro|Bologna|Parma,entertainment/cultural sector closure,ITA,2020-02-25,"Museums, theaters, cinema, libraries, festivities",1,O
80b6b94b-80bb-46f3-b353-1ebb4e28c2fb,b4c947d3-0afd-43d3-a39d-7a5c1c9d21d1,a2bff85a-8fe2-11ea-a170-069b8ffc8dc8_158,https://en.wikipedia.org/wiki/COVID-19_pandemic_in_Italy,2020-05-06_d0cba9ae-8fda-11ea-b351-069b8ffc8dc8,2020-05-06,"On 22 February 2020, Prime Minister Giuseppe Conte suspended all sporting events in the regions of Lombardy and Veneto, which included three Serie A football matches in those regions, as well as one in Piedmont, that were to be played the following day.",https://www.theguardian.com/football/2020/feb/23/three-serie-a-matches-coronavirus-outbreak-inter-milan,,Lombardy|Veneto|Serie A|Piedmont,entertainment/cultural sector closure,ITA,2020-02-22,Gyms and pools,1,O
2db0ef33-528a-477f-b608-20ccb8661dbd,33d890ff-e2f4-410a-968e-40bd78adfd4a,a2bff85a-8fe2-11ea-a170-069b8ffc8dc8_188,https://en.wikipedia.org/wiki/COVID-19_pandemic_in_Italy,2020-05-06_d0cba9ae-8fda-11ea-b351-069b8ffc8dc8,2020-05-06,The University of Palermo suspended all activities until 9 March.,https://livesicilia.it/2020/02/25/universita-lezioni-sospese-e-lauree-a-porte-chiuse_1120700/,,The University Of Palermo,school closure,ITA,2020-03-09,Universities closed,1,O
25b39f3d-cc07-4d6a-a63d-f25dc3109752,33d890ff-e2f4-410a-968e-40bd78adfd4a,a2bff85a-8fe2-11ea-a170-069b8ffc8dc8_467,https://en.wikipedia.org/wiki/COVID-19_pandemic_in_Italy,2020-05-06_d0cba9ae-8fda-11ea-b351-069b8ffc8dc8,2020-05-06,"On 9 March, the government extended the lockdown to the national territory, closing all schools and universities until 3 April.",https://apnews.com/3ff579e06d07428f0bc993c0a98c001d,,Italy,school closure,ITA,2020-03-09,Universities closed,1,O
d9dda583-b5e4-4176-b3f7-93ab3b62c74e,e1b9c132-26dd-4098-868f-59ec35fcf0c1,a2bff85a-8fe2-11ea-a170-069b8ffc8dc8_229,https://en.wikipedia.org/wiki/COVID-19_pandemic_in_Italy,2020-05-06_d0cba9ae-8fda-11ea-b351-069b8ffc8dc8,2020-05-06,"The same day, the government ruled that all sporting events in Italy would be played behind closed doors until 3 April.",https://www.football-italia.net/150823/official-behind-closed-doors-until-april-3,,Italy,entertainment/cultural sector closure,ITA,2020-04-03,Gyms and pools,1,O
95d1a3d6-30bb-40aa-9d5f-0e851527951b,c074e3ad-c976-47a1-9622-d41e915b2e20,a2bff85a-8fe2-11ea-a170-069b8ffc8dc8_195,https://en.wikipedia.org/wiki/COVID-19_pandemic_in_Italy,2020-05-06_d0cba9ae-8fda-11ea-b351-069b8ffc8dc8,2020-05-06,Roma Motodays was postponed to 17 to 19 April.,https://www.repubblica.it/motori/sezioni/moto/2020/02/25/news/motodays_coronavirus_rinvio-249562967/,,Roma,entertainment/cultural sector closure,ITA,2020-03-09,"Museums, theaters, cinema, libraries, festivities",1,O
fd8bf6ef-25fc-4de9-9c35-e8e252aed1f0,53518df3-9361-4739-b6bf-860cbd00a855,a2bff85a-8fe2-11ea-a170-069b8ffc8dc8_235,https://en.wikipedia.org/wiki/COVID-19_pandemic_in_Italy,2020-05-06_d0cba9ae-8fda-11ea-b351-069b8ffc8dc8,2020-05-06,"The decree also established the closure of all gyms, swimming pools, spas and wellness centres.",https://www.romatoday.it/attualita/coronavirus-pub-cinema-teatri-locali-chiusi-nuovo-decreto.html,,Italy,entertainment/cultural sector closure,ITA,2020-02-06,Gyms and pools,1,O
0f386e4f-8c32-4d70-b174-118f4760c9d5,ab8f2d10-2b69-4c03-a224-50e88d104312,a2bff85a-8fe2-11ea-a170-069b8ffc8dc8_463,https://en.wikipedia.org/wiki/COVID-19_pandemic_in_Italy,2020-05-06_d0cba9ae-8fda-11ea-b351-069b8ffc8dc8,2020-05-06,"After the first outbreak in Lombardy and Veneto, the regional governments of Emilia-Romagna, Friuli Venezia Giulia, Liguria, Lombardy, Piedmont, Trentino, and Veneto closed all schools and universities from 23 February to 1 March.",http://www.today.it/attualita/scuole-chiuse-coronavirus-dove-quando.html,,Lombardy|Veneto|Emilia-Romagna|Friuli Venezia Giulia|Liguria|Lombardy|Piedmont|Trentino|Veneto,school closure,ITA,2020-02-23,Universities closed,1,O
16f398e5-e92e-415b-9b5a-bed63ba0c847,ab8f2d10-2b69-4c03-a224-50e88d104312,a2bff85a-8fe2-11ea-a170-069b8ffc8dc8_157,https://en.wikipedia.org/wiki/COVID-19_pandemic_in_Italy,2020-05-06_d0cba9ae-8fda-11ea-b351-069b8ffc8dc8,2020-05-06,"Universities in Lombardy, Veneto, Trentino Alto-Adige, Piedmont and Emilia-Romagna suspended all activities from 23 February until 1 March.",https://magazine.unibo.it/archivio/2020/coronavirus-sospensione-attivita-didattica-e-misure-precauzionali-contro-la-diffusione-dell2019infezione,,Lombardy|Veneto|Trentino Alto-Adige|Piedmont|Emilia-Romagna,school closure,ITA,2020-02-23,Universities closed,1,O
0bc6b383-b936-4ecc-ade7-71b71672c5da,3ae6323a-8f88-4101-b6fa-75bc686d4a5e,a2bff85a-8fe2-11ea-a170-069b8ffc8dc8_218,https://en.wikipedia.org/wiki/COVID-19_pandemic_in_Italy,2020-05-06_d0cba9ae-8fda-11ea-b351-069b8ffc8dc8,2020-05-06,Universities in Lombardy extended their closure until 7 March.,https://www.repubblica.it/cronaca/2020/02/22/news/coronavirus_in_italia_aggiornamento_ora_per_ora-249241616/,,Lombardy,school closure,ITA,2020-03-07,Universities closed,1,O
29da26be-2293-4f87-b408-7f8be29a0344,3ae6323a-8f88-4101-b6fa-75bc686d4a5e,a2bff85a-8fe2-11ea-a170-069b8ffc8dc8_218,https://en.wikipedia.org/wiki/COVID-19_pandemic_in_Italy,2020-05-06_d0cba9ae-8fda-11ea-b351-069b8ffc8dc8,2020-05-06,Universities in Lombardy extended their closure until 7 March.,https://www.repubblica.it/cronaca/2020/02/22/news/coronavirus_in_italia_aggiornamento_ora_per_ora-249241616/,,Lombardy,school closure,ITA,2020-03-07,Universities closed,1,O
ff71a284-613e-403c-a9ed-f72874f6ffe6,7809fa02-f326-455f-a05c-1c0362a2444a,a2bff85a-8fe2-11ea-a170-069b8ffc8dc8_228,https://en.wikipedia.org/wiki/COVID-19_pandemic_in_Italy,2020-05-06_d0cba9ae-8fda-11ea-b351-069b8ffc8dc8,2020-05-06,"On 4 March, the Italian government imposed the shutdown of all schools and universities nationwide for two weeks as the country reached 100 deaths from the outbreak.",https://www.theguardian.com/world/2020/mar/04/italy-orders-closure-of-schools-and-universities-due-to-coronavirus,,Italian,school closure,ITA,2020-03-04,Universities closed,1,O
b3d6e37f-f24c-4776-95bb-be993cbc93e8,7809fa02-f326-455f-a05c-1c0362a2444a,a2bff85a-8fe2-11ea-a170-069b8ffc8dc8_465,https://en.wikipedia.org/wiki/COVID-19_pandemic_in_Italy,2020-05-06_d0cba9ae-8fda-11ea-b351-069b8ffc8dc8,2020-05-06,"On 4 March, the government announced the closure of all schools and colleges until 15 March.",http://www.thetelegram.com/news/world/coronavirus-deprives-nearly-300-million-students-of-their-schooling-unesco-419714/,,Italy,school closure,ITA,2020-03-04,Universities closed,1,O
0855dd8d-733d-498d-8899-a8c15c9ee741,b4c9c1d4-c092-4fea-8cb5-313ddf4432a7,a2bff85a-8fe2-11ea-a170-069b8ffc8dc8_171,https://en.wikipedia.org/wiki/COVID-19_pandemic_in_Italy,2020-05-06_d0cba9ae-8fda-11ea-b351-069b8ffc8dc8,2020-05-06,"The governor of Basilicata, Vito Bardi, instituted a mandatory 14-day quarantine for people arriving from areas in Northern Italy affected by the outbreak.",https://www.repubblica.it/cronaca/2020/02/24/news/coronavirus_149_i_casi_confermati_conte_i_contagi_possono_crescere_-249427098/,,Basilicata|Northern Italy,confinement,ITA,2020-02-24,na,1,O
cff9734c-19cb-458b-acb3-f0e431b075c8,b4c9c1d4-c092-4fea-8cb5-313ddf4432a7,a2bff85a-8fe2-11ea-a170-069b8ffc8dc8_169,https://en.wikipedia.org/wiki/COVID-19_pandemic_in_Italy,2020-05-06_d0cba9ae-8fda-11ea-b351-069b8ffc8dc8,2020-05-06,On 24 February 500 additional police officers were assigned to patrol the quarantined areas in Lodi and Veneto.,,,Lodi|Veneto,confinement,ITA,2020-02-24,na,1,W
50052327-8894-48af-809a-c52e3b792abf,266373b0-9859-49e7-b30c-38272a737579,a2bff85a-8fe2-11ea-a170-069b8ffc8dc8_327,https://en.wikipedia.org/wiki/COVID-19_pandemic_in_Italy,2020-05-06_d0cba9ae-8fda-11ea-b351-069b8ffc8dc8,2020-05-06,Israeli passengers were allowed to enter the country and were quarantined at home for 14 days.,https://www.jpost.com/Breaking-News/Israeli-who-came-back-from-Italy-diagnosed-with-coronavirus-619053,,Israeli,introduction of travel quarantine policies,ITA,2020-02-27,na,1,O
78336e91-e8e4-44c6-91f2-5a7dc1499371,211da321-8e2a-4f57-9f59-fb9142aff633,a2bff85a-8fe2-11ea-a170-069b8ffc8dc8_239,https://en.wikipedia.org/wiki/COVID-19_pandemic_in_Italy,2020-05-06_d0cba9ae-8fda-11ea-b351-069b8ffc8dc8,2020-05-06,"All organised events were also suspended, as well as events in public or private places, including those of a cultural, recreational, sporting and religious nature, even if held in closed places.",https://corrieredellumbria.corr.it/news/coronavirus/1516428/emergenza-coronavirus-bozza-decreto-sospesi-anche--funerali-in-lombardia-e-11-province-covi19-epidemia-contagio.html,,Italy,entertainment/cultural sector closure,ITA,2020-02-06,Churches,1,O
318aaea8-b626-455e-88bb-c0b6017afd6b,2bd5ecdd-3ddc-4d4b-a182-cf99f320c471,a2bff85a-8fe2-11ea-a170-069b8ffc8dc8_463,https://en.wikipedia.org/wiki/COVID-19_pandemic_in_Italy,2020-05-06_d0cba9ae-8fda-11ea-b351-069b8ffc8dc8,2020-05-06,"After the first outbreak in Lombardy and Veneto, the regional governments of Emilia-Romagna, Friuli Venezia Giulia, Liguria, Lombardy, Piedmont, Trentino, and Veneto closed all schools and universities from 23 February to 1 March.",http://www.today.it/attualita/scuole-chiuse-coronavirus-dove-quando.html,,Lombardy|Veneto|Emilia-Romagna|Friuli Venezia Giulia|Liguria|Lombardy|Piedmont|Trentino|Veneto,school closure,ITA,2020-02-23,Only schools (primary/secondary) closed,1,O
add03185-fc46-4ead-8004-b6373077ec94,9c714581-528f-49f9-9eed-5a10380ed109,a2bff85a-8fe2-11ea-a170-069b8ffc8dc8_102,https://en.wikipedia.org/wiki/COVID-19_pandemic_in_Italy,2020-05-06_d0cba9ae-8fda-11ea-b351-069b8ffc8dc8,2020-05-06,"The man lived in the municipality of VÃ², which was put under quarantine.",https://www.repubblica.it/cronaca/2020/02/22/news/adriano_trevisan_la_prima_vittima_di_coronavirus_in_italia-249260446/,,Vo,confinement,ITA,2020-02-21,na,1,O
8da81fcb-bd09-491b-8ea5-38242e3af0cd,970d54c2-2ce4-42bd-bbaa-7029e5e8c3a7,a2bff85a-8fe2-11ea-a170-069b8ffc8dc8_183,https://en.wikipedia.org/wiki/COVID-19_pandemic_in_Italy,2020-05-06_d0cba9ae-8fda-11ea-b351-069b8ffc8dc8,2020-05-06,"On 25 February, Aviano Air Base closed all schools until 28 February.",https://www.repubblica.it/cronaca/2020/02/22/news/coronavirus_in_italia_aggiornamento_ora_per_ora-249241616/,,Italy,school closure,ITA,2020-02-25,Only schools (primary/secondary) closed,1,O
917bf3f6-1c43-4a59-b3ce-521ad8e0f6fe,d98e9244-8749-4bef-b0e9-0450df18e105,a2bff85a-8fe2-11ea-a170-069b8ffc8dc8_212,https://en.wikipedia.org/wiki/COVID-19_pandemic_in_Italy,2020-05-06_d0cba9ae-8fda-11ea-b351-069b8ffc8dc8,2020-05-06,Messina closed all schools from 29 February to 3 March.,http://www.strettoweb.com/2020/02/coronavirus-messina-scuole/976298/,,Messina,school closure,ITA,2020-02-29,Only schools (primary/secondary) closed,1,O
a08d24c2-c68c-4885-a5ee-e1b651c9643c,d98e9244-8749-4bef-b0e9-0450df18e105,a2bff85a-8fe2-11ea-a170-069b8ffc8dc8_200,https://en.wikipedia.org/wiki/COVID-19_pandemic_in_Italy,2020-05-06_d0cba9ae-8fda-11ea-b351-069b8ffc8dc8,2020-05-06,Palermo and Naples closed all schools until 29 February.,https://www.blogsicilia.it/palermo/coronavirus-scuole-chiuse-palermo-ordinanza-regione/520347/,,Palermo|Naples,school closure,ITA,2020-02-29,Only schools (primary/secondary) closed,1,O
5bbbef2f-90df-4b93-9718-190da421c103,6b178938-8c0b-4be5-84db-ba19543aaaf6,a2bff85a-8fe2-11ea-a170-069b8ffc8dc8_207,https://en.wikipedia.org/wiki/COVID-19_pandemic_in_Italy,2020-05-06_d0cba9ae-8fda-11ea-b351-069b8ffc8dc8,2020-05-06,Multiple schools were closed in Roseto degli Abruzzi.,https://www.abruzzolive.it/coronavirus-turista-positivo-chiuse-scuole-a-roseto-in-ricostruzione-movimenti-del-paziente-brianzolo/,,Roseto degli Abruzzi,school closure,ITA,2020-02-27,Only schools (primary/secondary) closed,1,O
76bf68ed-fd15-4f3a-a7f2-f071427aa296,6b178938-8c0b-4be5-84db-ba19543aaaf6,a2bff85a-8fe2-11ea-a170-069b8ffc8dc8_206,https://en.wikipedia.org/wiki/COVID-19_pandemic_in_Italy,2020-05-06_d0cba9ae-8fda-11ea-b351-069b8ffc8dc8,2020-05-06,"On 27 February, Taranto, Apulia closed all schools until 29 February.",http://www.primocircolotaranto.gov.it/wordpress/ordinanza-n-13-comune-di-taranto-chiusura-scuole-per-le-giornate-del-27-28-e-29-febbraio-2020/,,Taranto|Apulia,school closure,ITA,2020-02-27,Only schools (primary/secondary) closed,1,G
d7f2be77-3aae-4731-8785-d9a30fd7d88c,fb6e07af-42e6-4c8a-a044-ab092d1ad15b,a2bff85a-8fe2-11ea-a170-069b8ffc8dc8_225,https://en.wikipedia.org/wiki/COVID-19_pandemic_in_Italy,2020-05-06_d0cba9ae-8fda-11ea-b351-069b8ffc8dc8,2020-05-06,"A yellow zone (composed of the regions of Lombardy, Veneto and Emilia-Romagna), where social and sport events are suspended and schools, theatres, clubs and cinemas are closed.",https://www.repubblica.it/politica/2020/03/01/news/coronavirus_misure_governo-249980561/,,Lombardy|Veneto|Emilia-Romagna,school closure,ITA,2020-03-01,Only schools (primary/secondary) closed,1,O
0bc017b3-a9dd-409b-8751-c3030517b7a2,be3a2f34-c49b-43c8-bdd2-761ead79f0a2,a2bff85a-8fe2-11ea-a170-069b8ffc8dc8_464,https://en.wikipedia.org/wiki/COVID-19_pandemic_in_Italy,2020-05-06_d0cba9ae-8fda-11ea-b351-069b8ffc8dc8,2020-05-06,"The suspension was later extended, with the agreement of the national government, up to 8 March in Emilia-Romagna, Lombardy, and Veneto.",https://www.repubblica.it/cronaca/2020/02/29/news/le_scuole_ancora_otto_giorni_di_stop_in_lombardia_emilia_e_veneto-249848004/,,Emilia-Romagna|Lombardy|Veneto,entertainment/cultural sector closure,ITA,2020-03-24,"Bars, restaurants, night clubs",1,O
c0461a28-c3a6-4ad8-a024-65cd3ff59b50,31b27769-7718-4c92-892d-736ffb6f773b,a2bff85a-8fe2-11ea-a170-069b8ffc8dc8_168,https://en.wikipedia.org/wiki/COVID-19_pandemic_in_Italy,2020-05-06_d0cba9ae-8fda-11ea-b351-069b8ffc8dc8,2020-05-06,"Streets, parks and train stations in multiple cities in Lombardy were left deserted.",https://www.tgcom24.mediaset.it/cronaca/lombardia/foto/coronavirus-milano-deserta-mezzi-pubblici-vuoti-e-mercati-abbandonati_15301555-2020.shtml,,Lombardy,entertainment/cultural sector closure,ITA,2020-05-10,"Bars, restaurants, night clubs",1,O
4286dd49-c962-4d0d-965c-d561f2cf7c19,b5ca15a4-5dc1-4139-a1f8-dd03712bfcbd,a2bff85a-8fe2-11ea-a170-069b8ffc8dc8_274,https://en.wikipedia.org/wiki/COVID-19_pandemic_in_Italy,2020-05-06_d0cba9ae-8fda-11ea-b351-069b8ffc8dc8,2020-05-06,"On 7 April, after more than a month of suspension, the Italian Basketball Federation officially ended the 2019â20 LBA season, without assigning the title.",https://sportando.basketball/en/italian-basketball-federation-officially-ends-lba-2019-20-season/,,Italy,entertainment/cultural sector closure,ITA,2020-04-07,Gyms and pools,1,O
57a3d329-369b-48fe-b668-a952100cebc4,b5ca15a4-5dc1-4139-a1f8-dd03712bfcbd,a2bff85a-8fe2-11ea-a170-069b8ffc8dc8_275,https://en.wikipedia.org/wiki/COVID-19_pandemic_in_Italy,2020-05-06_d0cba9ae-8fda-11ea-b351-069b8ffc8dc8,2020-05-06,"Italian Basketball Federation officially ends LBA 2019-20 season, Sportando",https://sportando.basketball/en/italian-basketball-federation-officially-ends-lba-2019-20-season/,,Italy,entertainment/cultural sector closure,ITA,2020-04-07,Gyms and pools,1,O
8cd72605-45b3-4844-92de-7dd744be2df3,e4dffd69-c435-4144-81ff-d627a71f1847,a2bff85a-8fe2-11ea-a170-069b8ffc8dc8_31,https://en.wikipedia.org/wiki/COVID-19_pandemic_in_Italy,2020-05-06_d0cba9ae-8fda-11ea-b351-069b8ffc8dc8,2020-05-06,"On 31 January, the Italian government suspended all flights to and from China and declared a state of emergency with the duration of six months.",https://www.thelocal.it/20200131/italy-suspends-all-china-flights-after-coronavirus-cases-confirmed-in-rome/,,Italy,international flight restrictions,ITA,2020-01-31,CHN,1,O
1b43bb78-6cb4-4231-bd84-bc32df69aa00,a049ed78-119a-4552-a1ca-e77e1610835f,a2bff85a-8fe2-11ea-a170-069b8ffc8dc8_312,https://en.wikipedia.org/wiki/COVID-19_pandemic_in_Italy,2020-05-06_d0cba9ae-8fda-11ea-b351-069b8ffc8dc8,2020-05-06,"On 25 February, the United Kingdom and Malta recommended that travellers coming from Italy self-quarantine for 14 days and for all citizens not to travel to regions of Italy affected by the outbreak.",https://www.bbc.com/news/uk-51625733,,Italy,introduction of travel quarantine policies,ITA,2020-02-25,MLT,1,O
a403f5b4-4060-4dc9-807d-560ff8b860f3,7647e44d-6895-491b-9afa-24903ea18692,a2bff85a-8fe2-11ea-a170-069b8ffc8dc8_420,https://en.wikipedia.org/wiki/COVID-19_pandemic_in_Italy,2020-05-06_d0cba9ae-8fda-11ea-b351-069b8ffc8dc8,2020-05-06,The pandemic provoked large economic damage to the Italian economy.,https://www.theguardian.com/travel/2020/mar/17/nothing-less-than-a-catastrophe-venice-left-high-and-dry-by-coronavirus,,Italy,economic impact,ITA,2020-04-04,na,1,O
5a9a70fd-0c77-4201-973c-d08e138cdafe,a8a88d9b-51fe-490f-9320-ddc5ff440faa,a2bff85a-8fe2-11ea-a170-069b8ffc8dc8_265,https://en.wikipedia.org/wiki/COVID-19_pandemic_in_Italy,2020-05-06_d0cba9ae-8fda-11ea-b351-069b8ffc8dc8,2020-05-06,"Parks, playgrounds and public green were closed down.",https://www.ilpost.it/2020/03/20/ordinanza-coronavirus-attivita-sportiva-correre/,,Italy,entertainment/cultural sector closure,ITA,2020-03-20,Parks and public gardens,1,O
41ff1280-6f76-4cf4-89a0-1aa6f38d3041,59510cd3-b780-462c-acfb-873f61a5c36e,a2bff85a-8fe2-11ea-a170-069b8ffc8dc8_460,https://en.wikipedia.org/wiki/COVID-19_pandemic_in_Italy,2020-05-06_d0cba9ae-8fda-11ea-b351-069b8ffc8dc8,2020-05-06,"Some Italians have adapted the local custom of paying in advance at a cafe for a customer who can't afford it (""suspended coffee"") by paying extra at grocery stores.",Some Italians have adapted the local custom o,,Italians,economic impact,ITA,2020-03-14,Industrial production,1,O
2edc890e-b7f2-4b5e-b1e2-1e5fcea9a4ef,2f705525-23ae-4c23-b69f-ee9caa13a291,a2bff85a-8fe2-11ea-a170-069b8ffc8dc8_285,https://en.wikipedia.org/wiki/COVID-19_pandemic_in_Italy,2020-05-06_d0cba9ae-8fda-11ea-b351-069b8ffc8dc8,2020-05-06,"The plan allowed the re-opening of manufacturing industries and construction sites, however schools, bars, restaurants and hairdressers would stay closed.",https://www.theguardian.com/world/2020/apr/27/italy-unveils-plans-for-easing-of-coronavirus-lockdown-restrictions-conte,,Italy,school closure,ITA,2020-04-26,Only schools (primary/secondary) closed,1,O
9d95de86-73c3-40cb-aded-bb87ce418b9d,83f99b38-0f35-4453-a91d-e51630f689d1,a2bff85a-8fe2-11ea-a170-069b8ffc8dc8_285,https://en.wikipedia.org/wiki/COVID-19_pandemic_in_Italy,2020-05-06_d0cba9ae-8fda-11ea-b351-069b8ffc8dc8,2020-05-06,"The plan allowed the re-opening of manufacturing industries and construction sites, however schools, bars, restaurants and hairdressers would stay closed.",https://www.theguardian.com/world/2020/apr/27/italy-unveils-plans-for-easing-of-coronavirus-lockdown-restrictions-conte,,Italy,entertainment/cultural sector closure,ITA,2020-04-26,"Bars, restaurants, night clubs",1,O
8cd72605-45b3-4844-92de-7dd744be2df3,924b177b-51b5-4232-89b5-48295a63b1da,a2bff85a-8fe2-11ea-a170-069b8ffc8dc8_31,https://en.wikipedia.org/wiki/COVID-19_pandemic_in_Italy,2020-05-06_d0cba9ae-8fda-11ea-b351-069b8ffc8dc8,2020-05-06,"On 31 January, the Italian government suspended all flights to and from China and declared a state of emergency with the duration of six months.",https://www.thelocal.it/20200131/italy-suspends-all-china-flights-after-coronavirus-cases-confirmed-in-rome/,,Italy,state of emergency (legal impact),ITA,2020-01-31,na,1,O
8f6fb98b-4b02-4241-96b6-f6a7a610f7f8,7d40103c-c12a-11ea-8d21-eeee0af72e81,a2bff85a-8fe2-11ea-a170-069b8ffc8dc8_160,https://en.wikipedia.org/wiki/COVID-19_pandemic_in_Italy,2020-05-06_d0cba9ae-8fda-11ea-b351-069b8ffc8dc8,2020-05-06,Authorities in Veneto cancelled the last two days of the Carnival of Venice.,https://www.bbc.com/news/world-europe-51602007,,Veneto,entertainment/cultural sector closure,ITA,2020-02-23,"Museums, theaters, cinema, libraries, festivities",1,O
f70473ba-2cdc-4b1c-b6ec-717f20789d24,a206099e-c12a-11ea-890b-eeee0af49f8d,a2bff85a-8fe2-11ea-a170-069b8ffc8dc8_179,https://en.wikipedia.org/wiki/COVID-19_pandemic_in_Italy,2020-05-06_d0cba9ae-8fda-11ea-b351-069b8ffc8dc8,2020-05-06,Court proceedings were postponed until further notice.,https://www.repubblica.it/cronaca/2020/02/23/news/coronavirus_scuole_chiuse_e_niente_carnevale_tutti_i_provvedimenti-249355737/,,ITA,public services closure,ITA,2020-02-24,Legal system,1,O
301f958b-36bf-4ed7-b95b-b5807ab3f0db,130e3429-4392-467a-b5fe-7ff3828604f0,a2bff85a-8fe2-11ea-a170-069b8ffc8dc8_344,https://en.wikipedia.org/wiki/COVID-19_pandemic_in_Italy,2020-05-06_d0cba9ae-8fda-11ea-b351-069b8ffc8dc8,2020-05-06,On same day also Austria barred entry to foreign nationals travelling from Italy with exception for people with medical documents and people who travel only through Austria to Germany without stop in Austria.,"https://www.br.de/nachrichten/deutschland-welt/oesterreich-will-einreisen-aus-italien-weitgehend-stoppen,RspR1PZ",,Austria|Italy|Austria|Germany|Austria,freedom of movement (nationality dependent),ITA,2020-03-10,AUT,1,O
db223650-b19d-4aaa-ba6e-0222493bf437,052f8f1d-dca4-4716-9915-fc409497d1a4,a2bff85a-8fe2-11ea-a170-069b8ffc8dc8_344,https://en.wikipedia.org/wiki/COVID-19_pandemic_in_Italy,2020-05-06_d0cba9ae-8fda-11ea-b351-069b8ffc8dc8,2020-05-06,On same day also Austria barred entry to foreign nationals travelling from Italy with exception for people with medical documents and people who travel only through Austria to Germany without stop in Austria.,"https://www.br.de/nachrichten/deutschland-welt/oesterreich-will-einreisen-aus-italien-weitgehend-stoppen,RspR1PZ",,Austria|Italy|Austria|Germany|Austria,freedom of movement (nationality dependent),ITA,2020-03-10,DEU,1,O
8aaee400-bc6b-4a5c-bbf6-e61702d4d2b4,80b6bd27-e243-4da8-8029-6c4cc4117d29,a2bff85a-8fe2-11ea-a170-069b8ffc8dc8_184,https://en.wikipedia.org/wiki/COVID-19_pandemic_in_Italy,2020-05-06_d0cba9ae-8fda-11ea-b351-069b8ffc8dc8,2020-05-06,General Tod D. Walters issued a travel ban covering the areas of Italy affected by the outbreak for US service members and their families.,https://www.rollcall.com/2020/02/25/coronavirus-threatens-u-s-military-base-operations-in-europe-general-says/,,Italy|Us,freedom of movement (nationality dependent),ITA,2020-02-25,USA,1,O
a6db5641-39fd-4945-953b-0276d3a22921,d4bdae27-9a7f-4e3c-9d41-17fd1646c120,a2bff85a-8fe2-11ea-a170-069b8ffc8dc8_225,https://en.wikipedia.org/wiki/COVID-19_pandemic_in_Italy,2020-05-06_d0cba9ae-8fda-11ea-b351-069b8ffc8dc8,2020-05-06,"A yellow zone (composed of the regions of Lombardy, Veneto and Emilia-Romagna), where social and sport events are suspended and schools, theatres, clubs and cinemas are closed.",https://www.repubblica.it/politica/2020/03/01/news/coronavirus_misure_governo-249980561/,,Lombardy|Veneto|Emilia-Romagna,entertainment/cultural sector closure,ITA,2020-03-01,"Bars, restaurants, night clubs",1,O
3f9d0062-bd9a-453b-91e3-a1c0b2c113b4,5a1a4325-a148-434a-a12d-99880dd63909,a2bff85a-8fe2-11ea-a170-069b8ffc8dc8_237,https://en.wikipedia.org/wiki/COVID-19_pandemic_in_Italy,2020-05-06_d0cba9ae-8fda-11ea-b351-069b8ffc8dc8,2020-05-06,"The decree imposed the closure of museums, cultural centres and ski resorts in the lockdown areas and the closure of cinemas, theatres, pubs, dance schools, game rooms, betting rooms and bingo halls, discos and similar places in the entire country.",https://www.romatoday.it/attualita/coronavirus-pub-cinema-teatri-locali-chiusi-nuovo-decreto.html,,Italy,entertainment/cultural sector closure,ITA,2020-02-06,"Bars, restaurants, night clubs",1,O
4d7133ae-1263-47a6-990c-2cd80762c667,bd9c2b95-f3a8-4228-9ed2-af4d63a0ce4a,a2bff85a-8fe2-11ea-a170-069b8ffc8dc8_252,https://en.wikipedia.org/wiki/COVID-19_pandemic_in_Italy,2020-05-06_d0cba9ae-8fda-11ea-b351-069b8ffc8dc8,2020-05-06,"On 9 March, the government announced that all sporting events in Italy would be cancelled until at least 3 April, but the ban does not include Italian clubs or national teams participating in international competitions.",https://www.bbc.com/sport/51808683,,Italy,entertainment/cultural sector closure,ITA,2020-03-09,"Bars, restaurants, night clubs",1,O
b40e5dca-d978-474f-ba48-1307b0984678,eec69b02-a180-4051-b7e1-230d04dd7383,a2bff85a-8fe2-11ea-a170-069b8ffc8dc8_225,https://en.wikipedia.org/wiki/COVID-19_pandemic_in_Italy,2020-05-06_d0cba9ae-8fda-11ea-b351-069b8ffc8dc8,2020-05-06,"A yellow zone (composed of the regions of Lombardy, Veneto and Emilia-Romagna), where social and sport events are suspended and schools, theatres, clubs and cinemas are closed.",https://www.repubblica.it/politica/2020/03/01/news/coronavirus_misure_governo-249980561/,,Lombardy|Veneto|Emilia-Romagna,entertainment/cultural sector closure,ITA,2020-03-01,"Museums, theaters, cinema, libraries, festivities",1,O
fb0d7016-3b7a-4b6b-b7b6-db3977c4df37,e9a0d7eb-9b40-4b9f-b1c5-fdebec17c900,a2bff85a-8fe2-11ea-a170-069b8ffc8dc8_237,https://en.wikipedia.org/wiki/COVID-19_pandemic_in_Italy,2020-05-06_d0cba9ae-8fda-11ea-b351-069b8ffc8dc8,2020-05-06,"The decree imposed the closure of museums, cultural centres and ski resorts in the lockdown areas and the closure of cinemas, theatres, pubs, dance schools, game rooms, betting rooms and bingo halls, discos and similar places in the entire country.",https://www.romatoday.it/attualita/coronavirus-pub-cinema-teatri-locali-chiusi-nuovo-decreto.html,,Italy,entertainment/cultural sector closure,ITA,2020-02-06,"Museums, theaters, cinema, libraries, festivities",1,O
e475e24f-0287-4309-b418-ae3c5468ea03,6d472bdf-45ea-4b07-8e76-29e751e83f28,a2bff85a-8fe2-11ea-a170-069b8ffc8dc8_465,https://en.wikipedia.org/wiki/COVID-19_pandemic_in_Italy,2020-05-06_d0cba9ae-8fda-11ea-b351-069b8ffc8dc8,2020-05-06,"On 4 March, the government announced the closure of all schools and colleges until 15 March.",http://www.thetelegram.com/news/world/coronavirus-deprives-nearly-300-million-students-of-their-schooling-unesco-419714/,,Italy,school closure,ITA,2020-03-04,Only schools (primary/secondary) closed,1,O
8d0b3cc6-5b8e-4698-bff6-9cf4d9b444f8,6d472bdf-45ea-4b07-8e76-29e751e83f28,a2bff85a-8fe2-11ea-a170-069b8ffc8dc8_228,https://en.wikipedia.org/wiki/COVID-19_pandemic_in_Italy,2020-05-06_d0cba9ae-8fda-11ea-b351-069b8ffc8dc8,2020-05-06,"On 4 March, the Italian government imposed the shutdown of all schools and universities nationwide for two weeks as the country reached 100 deaths from the outbreak.",https://www.theguardian.com/world/2020/mar/04/italy-orders-closure-of-schools-and-universities-due-to-coronavirus,,Italian,school closure,ITA,2020-03-04,Only schools (primary/secondary) closed,1,O
a448166c-8858-4a81-a8ce-c0ba9d9b5ef6,1794740e-635b-4d7f-b49c-678c0d9ffd7f,a2bff85a-8fe2-11ea-a170-069b8ffc8dc8_237,https://en.wikipedia.org/wiki/COVID-19_pandemic_in_Italy,2020-05-06_d0cba9ae-8fda-11ea-b351-069b8ffc8dc8,2020-05-06,"The decree imposed the closure of museums, cultural centres and ski resorts in the lockdown areas and the closure of cinemas, theatres, pubs, dance schools, game rooms, betting rooms and bingo halls, discos and similar places in the entire country.",https://www.romatoday.it/attualita/coronavirus-pub-cinema-teatri-locali-chiusi-nuovo-decreto.html,,Italy,school closure,ITA,2020-02-06,Only schools (primary/secondary) closed,1,O
2b289876-d8f8-4cde-ba10-427d42f1d73a,7b04c773-7dc5-41bf-a8f9-3a85d8aa98a1,a2bff85a-8fe2-11ea-a170-069b8ffc8dc8_467,https://en.wikipedia.org/wiki/COVID-19_pandemic_in_Italy,2020-05-06_d0cba9ae-8fda-11ea-b351-069b8ffc8dc8,2020-05-06,"On 9 March, the government extended the lockdown to the national territory, closing all schools and universities until 3 April.",https://apnews.com/3ff579e06d07428f0bc993c0a98c001d,,Italy,school closure,ITA,2020-03-09,Only schools (primary/secondary) closed,1,O
52776a43-853e-4d1c-892c-3cf5e7ec3dc7,922e3de7-02d4-4e1e-9ce2-ce2ce719071f,a2bff85a-8fe2-11ea-a170-069b8ffc8dc8_133,https://en.wikipedia.org/wiki/COVID-19_pandemic_in_Italy,2020-05-06_d0cba9ae-8fda-11ea-b351-069b8ffc8dc8,2020-05-06,"Starting on 8 March, the region of Lombardy together with 14 additional northern and central provinces in Piedmont, Emilia-Romagna, Veneto, and Marche, were put under lockdown.",https://www.bbc.com/news/world-middle-east-51787238,,Lombardy|Piedmont|Emilia-Romagna|Veneto|Marche,confinement,ITA,2020-03-08,na,1,O
ea48f256-d03c-43d0-b2fc-9b9a56a4c2eb,922e3de7-02d4-4e1e-9ce2-ce2ce719071f,a2bff85a-8fe2-11ea-a170-069b8ffc8dc8_621,https://en.wikipedia.org/wiki/COVID-19_pandemic_in_Italy,2020-05-06_d0cba9ae-8fda-11ea-b351-069b8ffc8dc8,2020-05-06,"As of 8 March 24, 31 confirmed cases in the country have links to Italy, leading the government to institute a mandatory quarantine for all persons with a history of recent travel to Italy.",https://www.idnes.cz/zpravy/domaci/koronavirus-nemocnice-bulovka-pocet-potvrzenych-pripadu.A200308_124539_domaci_remy,,Italy|Italy,confinement,ITA,2020-03-08,na,1,O
9b60e3aa-657f-4dca-9597-1bc6a2fd0bd8,922e3de7-02d4-4e1e-9ce2-ce2ce719071f,a2bff85a-8fe2-11ea-a170-069b8ffc8dc8_92,https://en.wikipedia.org/wiki/COVID-19_pandemic_in_Italy,2020-05-06_d0cba9ae-8fda-11ea-b351-069b8ffc8dc8,2020-05-06,"On 8 March, Prime Minister Giuseppe Conte extended the quarantine lockdown to cover the whole region of Lombardy and 14 other northern provinces.",https://www.bbc.com/news/world-middle-east-51787238,,Lombardy,confinement,ITA,2020-03-08,na,1,O
d0d4fc56-0e3b-4af2-a420-6e0841c69a19,922e3de7-02d4-4e1e-9ce2-ce2ce719071f,a2bff85a-8fe2-11ea-a170-069b8ffc8dc8_466,https://en.wikipedia.org/wiki/COVID-19_pandemic_in_Italy,2020-05-06_d0cba9ae-8fda-11ea-b351-069b8ffc8dc8,2020-05-06,"With the enactment of the lockdown of Lombardy and 14 more northern provinces on 8 March, the re-opening of schools in these areas was delayed to 3 April.",https://www.theguardian.com/world/2020/mar/07/italy-set-to,,Lombardy,confinement,ITA,2020-03-08,na,1,O
17317749-d1c2-4aa6-807a-5fb3ff4a4f17,922e3de7-02d4-4e1e-9ce2-ce2ce719071f,a2bff85a-8fe2-11ea-a170-069b8ffc8dc8_8,https://en.wikipedia.org/wiki/COVID-19_pandemic_in_Italy,2020-05-06_d0cba9ae-8fda-11ea-b351-069b8ffc8dc8,2020-05-06,"On 8 March 2020, Prime Minister Giuseppe Conte expanded the quarantine to all of Lombardy and 14 other northern provinces, and on the following day to all of Italy, placing more than 60 million people in quarantine.",https://news.sky.com/story/coronavirus-italy-sees-largest-daily-rise-in-deaths-and-confirmed-cases-11953192,,Lombardy|Italy,confinement,ITA,2020-03-08,na,1,O
0b312c11-6f06-4970-b663-3d97ab1841ae,ca356fde-48d4-4dfc-a82c-c3c23e58138f,a2bff85a-8fe2-11ea-a170-069b8ffc8dc8_205,https://en.wikipedia.org/wiki/COVID-19_pandemic_in_Italy,2020-05-06_d0cba9ae-8fda-11ea-b351-069b8ffc8dc8,2020-05-06,The MIDO Milan Eyewear Show was rescheduled to 5 to 7 July.,http://www.wmido.com/ita-la-50a-edizione-di-mido-si-terra-dal-5-al-7-luglio/,,,entertainment/cultural sector closure,ITA,2020-02-26,na,1,O
3f5fe81a-ff0a-4677-99f6-43374842a86f,ca356fde-48d4-4dfc-a82c-c3c23e58138f,a2bff85a-8fe2-11ea-a170-069b8ffc8dc8_324,https://en.wikipedia.org/wiki/COVID-19_pandemic_in_Italy,2020-05-06_d0cba9ae-8fda-11ea-b351-069b8ffc8dc8,2020-05-06,"The chief executive of the Irish Rugby Football Union, Philip Browne, cancelled Six Nations Championship rugby matches between Ireland and Italy from 6 to 8 March in Dublin.",https://www.theguardian.com/sport/2020/feb/26/ireland-v-italy-six-nations-match-postponed-due-to-coronavirus,,The Irish Rugby Football Union|Ireland|Italy|Dublin,entertainment/cultural sector closure,ITA,2020-02-26,na,1,O
689d1cdb-c509-43db-972a-ef879ce49d0a,216b385c-0314-4846-9477-55cee310c1ba,a2bff85a-8fe2-11ea-a170-069b8ffc8dc8_552,https://en.wikipedia.org/wiki/COVID-19_pandemic_in_Italy,2020-05-06_d0cba9ae-8fda-11ea-b351-069b8ffc8dc8,2020-05-06,"On 4 March 14 more Italian tourists who were kept at a quarantine facility in Delhi were confirmed positive, as well as the group's Indian driver.",https://economictimes.indiatimes.com/news/politics-and-nation/28-confirmed-cases-of-coronavirus-in-india-gom-to-meet-today-health-minister-harsh-vardhan/articleshow/74472369.cms,,Italian|Delhi|Indian,confinement,ITA,2020-03-04,na,1,O
1d82ebf4-4213-4db4-9214-0f9b150eb6c4,c897c3c6-f66a-4655-ab12-24bb3c9ff97a,a2bff85a-8fe2-11ea-a170-069b8ffc8dc8_153,https://en.wikipedia.org/wiki/COVID-19_pandemic_in_Italy,2020-05-06_d0cba9ae-8fda-11ea-b351-069b8ffc8dc8,2020-05-06,"Regional train services to the most affected areas were suspended, with trains skipping stops at Codogno, Maleo and Casalpusterlengo stations.",https://milano.repubblica.it/cronaca/2020/02/22/news/coronavirus_il_comune_di_milano_sospende_dal_lavoro_i_dipendenti_che_abitano_delle_zone_coinvolte-249252812/,,Codogno|Maleo|Casalpusterlengo,public transportation,ITA,2020-02-22,na,1,O
1a07574f-a1d8-4b42-be77-53b638d846a8,1a868c43-84fa-41e1-a553-3b7ad17a7db2,a2bff85a-8fe2-11ea-a170-069b8ffc8dc8_168,https://en.wikipedia.org/wiki/COVID-19_pandemic_in_Italy,2020-05-06_d0cba9ae-8fda-11ea-b351-069b8ffc8dc8,2020-05-06,"Streets, parks and train stations in multiple cities in Lombardy were left deserted.",https://www.tgcom24.mediaset.it/cronaca/lombardia/foto/coronavirus-milano-deserta-mezzi-pubblici-vuoti-e-mercati-abbandonati_15301555-2020.shtml,,Lombardy,public transportation,ITA,2020-05-10,na,1,O
870a8d95-5bee-4ea6-bd36-88ef5e8d1658,e51edb3d-4de4-432a-8cc7-cd4ea9426839,a2bff85a-8fe2-11ea-a170-069b8ffc8dc8_189,https://en.wikipedia.org/wiki/COVID-19_pandemic_in_Italy,2020-05-06_d0cba9ae-8fda-11ea-b351-069b8ffc8dc8,2020-05-06,"Morgan Stanley, Barclays, Mediobanca and UniCredit requested their Milan staff to work from home.",https://www.reuters.com/article/us-china-health-banks-idUSKCN20I2LW,,Morgan Stanley|Barclays|Mediobanca|Unicredit|Milan,confinement,ITA,2020-02-25,na,1,O
f009bc2b-efec-4e2f-ac30-7c3e6a5220bc,4177449b-fa61-4ab4-a0db-23ba5808ac8d,a2bff85a-8fe2-11ea-a170-069b8ffc8dc8_191,https://en.wikipedia.org/wiki/COVID-19_pandemic_in_Italy,2020-05-06_d0cba9ae-8fda-11ea-b351-069b8ffc8dc8,2020-05-06,"Salone del Mobile, a furniture fair in Milan, was postponed to 16 to 21 June.",https://www.ilsole24ore.com/art/coronavirus-salone-mobile-rinviato-giugno-AClPZvLB,,Salone Del Mobile|Milan,entertainment/cultural sector closure,ITA,2020-02-25,na,1,O
f8c47c5d-4199-4ae5-9201-a1ebe5d16d31,4177449b-fa61-4ab4-a0db-23ba5808ac8d,a2bff85a-8fe2-11ea-a170-069b8ffc8dc8_194,https://en.wikipedia.org/wiki/COVID-19_pandemic_in_Italy,2020-05-06_d0cba9ae-8fda-11ea-b351-069b8ffc8dc8,2020-05-06,"Expocasa, a furniture fair in Turin, was rescheduled initially to 28 March to 5 April but later to future date to be announced later.",https://www.expocasa.it/3796/aggiornamenti-corona-virus,,Turin,entertainment/cultural sector closure,ITA,2020-02-25,na,1,O
558d25d3-eab3-4b75-b50f-7b005611485c,4177449b-fa61-4ab4-a0db-23ba5808ac8d,a2bff85a-8fe2-11ea-a170-069b8ffc8dc8_187,https://en.wikipedia.org/wiki/COVID-19_pandemic_in_Italy,2020-05-06_d0cba9ae-8fda-11ea-b351-069b8ffc8dc8,2020-05-06,"The Italian Basketball Federation suspended all of its championship games, including Lega Basket Serie A.Istituto Tecnico Economico Enrico Tosi in Varese, Istituto Comprensivo di Pianoro in Bologna and Liceo Attilio Bertolucci in Parma conducted lessons for students online while waiting for the schools to reopen.",https://www.raisport.rai.it/articoli/2020/02/basket-A-A2-maschile-femminile-6592d551-065e-4245-931a-488e53809874.html|https://parma.repubblica.it/cronaca/2020/02/26/news/coronavirus_confinati_si_isolati_no_il_racconto_dei_liceali_di_parma_dalle_loro_camere-249616316/,,The Italian Basketball Federation|Lega Basket Serie A.Istituto|Varese|Istituto Comprensivo Di Pianoro|Bologna|Parma,entertainment/cultural sector closure,ITA,2020-02-25,na,1,O
3e3acf33-f906-4213-9350-1b2db51d57d5,4177449b-fa61-4ab4-a0db-23ba5808ac8d,a2bff85a-8fe2-11ea-a170-069b8ffc8dc8_190,https://en.wikipedia.org/wiki/COVID-19_pandemic_in_Italy,2020-05-06_d0cba9ae-8fda-11ea-b351-069b8ffc8dc8,2020-05-06,Multiple fairs and exhibitions were rescheduled.,https://www.ilsole24ore.com/art/coronavirus-salone-mobile-rinviato-giugno-AClPZvLB,,,entertainment/cultural sector closure,ITA,2020-02-25,na,1,O
3b20fb6f-a489-4d71-9035-08b3d1354407,1cdd48bc-1c45-4ec1-b22e-950444ad1285,a2bff85a-8fe2-11ea-a170-069b8ffc8dc8_210,https://en.wikipedia.org/wiki/COVID-19_pandemic_in_Italy,2020-05-06_d0cba9ae-8fda-11ea-b351-069b8ffc8dc8,2020-05-06,The Winter Rescue Race in Piedmont was cancelled.,https://www.unionemonregalese.it/2020/02/27/annullata-coronavirus-winter-rescue-race-artesina/,,Piedmont,entertainment/cultural sector closure,ITA,2020-02-29,na,1,O
6db0541a-8e00-43f3-b20a-ae287f430e02,9ea7937a-d41c-4e92-982e-1852517e5b45,a2bff85a-8fe2-11ea-a170-069b8ffc8dc8_253,https://en.wikipedia.org/wiki/COVID-19_pandemic_in_Italy,2020-05-06_d0cba9ae-8fda-11ea-b351-069b8ffc8dc8,2020-05-06,"In the evening, Conte announced in a press conference that all measures previously applied only in the so-called ""red zones"" had been extended to the whole country, putting approximately 60 million people in lockdown.",https://edition.cnn.com/2020/03/09/europe/coronavirus-italy-lockdown-intl/index.html,,Italy,confinement,ITA,2020-03-09,na,1,O
e8880fac-941b-45a2-8479-b1e07363388a,f06bc2ae-3615-4b95-8bc0-345e6c95df8f,a2bff85a-8fe2-11ea-a170-069b8ffc8dc8_146,https://en.wikipedia.org/wiki/COVID-19_pandemic_in_Italy,2020-05-06_d0cba9ae-8fda-11ea-b351-069b8ffc8dc8,2020-05-06,"On 22 February, the government announced a new decree imposing the quarantine of more than 50,000 people from 11 municipalities in Northern Italy.",https://milano.repubblica.it/cronaca/2020/02/21/news/coronavirus_codogno_castiglione_d_adda_contagiati_misure_sicurezza-249154447/,,Northern Italy,confinement,ITA,2020-02-22,na,1,O
6940cf0b-5400-49dd-b2fd-c513167f6e3b,f06bc2ae-3615-4b95-8bc0-345e6c95df8f,a2bff85a-8fe2-11ea-a170-069b8ffc8dc8_147,https://en.wikipedia.org/wiki/COVID-19_pandemic_in_Italy,2020-05-06_d0cba9ae-8fda-11ea-b351-069b8ffc8dc8,2020-05-06,The quarantine zones are called the Red Zones and the areas in Lombardy and Veneto outside of them are called the Yellow Zones.,https://milano.repubblica.it/cronaca/2020/02/21/news/coronavirus_codogno_castiglione_d_adda_contagiati_misure_sicurezza-249154447/,,Lombardy|Veneto|The Yellow Zones,confinement,ITA,2020-02-22,na,1,O
ff19ff8c-69a5-4b31-9f30-2f4ac8e79e32,f06bc2ae-3615-4b95-8bc0-345e6c95df8f,a2bff85a-8fe2-11ea-a170-069b8ffc8dc8_295,https://en.wikipedia.org/wiki/COVID-19_pandemic_in_Italy,2020-05-06_d0cba9ae-8fda-11ea-b351-069b8ffc8dc8,2020-05-06,"On 22 February, the government established a lockdown for eleven municipalities in Lombardy and Veneto.",https://www.la7.it/nonelarena/video/lelenco-dei-comuni-in-quarantena-a-causa-del-coronavirus-23-02-2020-308963,,Lombardy|Veneto,confinement,ITA,2020-02-22,na,1,O
1cd1f95d-e270-4bfa-8662-159c9320ba39,f06bc2ae-3615-4b95-8bc0-345e6c95df8f,a2bff85a-8fe2-11ea-a170-069b8ffc8dc8_165,https://en.wikipedia.org/wiki/COVID-19_pandemic_in_Italy,2020-05-06_d0cba9ae-8fda-11ea-b351-069b8ffc8dc8,2020-05-06,"The ""Ocean Viking"", a rescue ship operated by MSF and SOS Mediteranee that was carrying almost 300 migrants, was quarantined for 14 days in Pozzallo, Sicily.",https://www.cnn.com/2020/02/23/europe/italy-novel-coronavirus-spike-intl/index.html,,Msf|Sos Mediteranee|Pozzallo|Sicily,confinement,ITA,2020-02-22,na,1,O
1215e9b9-5f8f-4ef0-b157-755270b5e0ec,772d3c8c-bf9d-4e8d-b4b4-b2c813977dd8,a2bff85a-8fe2-11ea-a170-069b8ffc8dc8_631,https://en.wikipedia.org/wiki/COVID-19_pandemic_in_Italy,2020-05-06_d0cba9ae-8fda-11ea-b351-069b8ffc8dc8,2020-05-06,On 9 March 5 Milan players had been diagnosed with fever before a league match.,https://sport.sky.it/volley/2020/03/08/coronavirus-volley-partita-sospesa-milano-padova,,Milan,entertainment/cultural sector closure,ITA,2020-03-09,na,1,O
4d3dabda-85a8-420a-ab22-49a98ef848c3,55a7fc5b-ebbe-4bef-a64f-406d6b2208c7,a2bff85a-8fe2-11ea-a170-069b8ffc8dc8_255,https://en.wikipedia.org/wiki/COVID-19_pandemic_in_Italy,2020-05-06_d0cba9ae-8fda-11ea-b351-069b8ffc8dc8,2020-05-06,"On 11 March, the government allocated 25Â billion euros for the emergency.",https://www.repubblica.it/economia/2020/03/11/news/emergenza_coronavirus_conferenza_stampa_conte_misure_economiche-250924846/,,Italy,economic impact,ITA,2020-03-11,na,1,O
40f64017-1421-4d8c-bd5f-7e96792d9120,97755873-e58d-466d-9b94-8a27fcfa2816,a2bff85a-8fe2-11ea-a170-069b8ffc8dc8_256,https://en.wikipedia.org/wiki/COVID-19_pandemic_in_Italy,2020-05-06_d0cba9ae-8fda-11ea-b351-069b8ffc8dc8,2020-05-06,"In the evening, Conte announced a tightening of the lockdown, with all commercial and retail businesses except those providing essential services, like grocery shops and pharmacies, closed down.",https://www.repubblica.it/politica/2020/03/11/news/coronavirus_conte_italia_governo_misure-250988471/?ref,,Italy,work restrictions,ITA,2020-03-11,na,1,O
2e60a25b-8f6f-437b-84c1-396988811f5c,2dceceb5-d9b6-4173-9e58-4883e2493f97,a2bff85a-8fe2-11ea-a170-069b8ffc8dc8_256,https://en.wikipedia.org/wiki/COVID-19_pandemic_in_Italy,2020-05-06_d0cba9ae-8fda-11ea-b351-069b8ffc8dc8,2020-05-06,"In the evening, Conte announced a tightening of the lockdown, with all commercial and retail businesses except those providing essential services, like grocery shops and pharmacies, closed down.",https://www.repubblica.it/politica/2020/03/11/news/coronavirus_conte_italia_governo_misure-250988471/?ref,,Italy,public transportation,ITA,2020-03-11,na,1,O
5f701546-1928-4006-b117-d420f5c37798,ed467efe-abaf-47e0-9b09-8e3f7a84f4cf,a2bff85a-8fe2-11ea-a170-069b8ffc8dc8_273,https://en.wikipedia.org/wiki/COVID-19_pandemic_in_Italy,2020-05-06_d0cba9ae-8fda-11ea-b351-069b8ffc8dc8,2020-05-06,"On 6 April, the government announced a new economic stimulus plan, consisting of â¬200 billion of state-guaranteed loans to companies and additional â¬200 billion of guarantees to support exports.",https://www.politico.eu/article/italy-adopts-e400b-liquidity-plan-amid-coronavirus-crisis/,,Italy,economic impact,ITA,2020-04-06,na,1,O
cdbdb219-fed7-4219-81b7-4cd2fcbe02de,5bfb16bf-87fb-4ee0-963e-734a45adc0e4,a2bff85a-8fe2-11ea-a170-069b8ffc8dc8_279,https://en.wikipedia.org/wiki/COVID-19_pandemic_in_Italy,2020-05-06_d0cba9ae-8fda-11ea-b351-069b8ffc8dc8,2020-05-06,"On 10 April, Conte announced the prolongation of the lockdown until 3 May, as well as the reopening of some businesses like bookshopsÂ and forestry.",https://www.repubblica.it/cronaca/2020/04/10/news/coronavirus_giuseppe_conte_riaperture-253677426/,,Italy,confinement,ITA,2020-04-10,na,1,O
a27ad7c4-4336-42aa-aee5-4135802ac940,61e4c546-8422-4217-a4ce-8f82b4fc6bb4,a2bff85a-8fe2-11ea-a170-069b8ffc8dc8_287,https://en.wikipedia.org/wiki/COVID-19_pandemic_in_Italy,2020-05-06_d0cba9ae-8fda-11ea-b351-069b8ffc8dc8,2020-05-06,"On 15 March, President of Campania Vincenzo De Luca imposed a strict quarantine on Ariano Irpino, in the province of Avellino, and four other municipalities in the province of Salerno, Atena Lucana, Caggiano, Polla, and Sala Consilina.",https://napoli.repubblica.it/cronaca/2020/03/15/news/de_luca_chiude_altri_4_comuni-251388474/,,Campania Vincenzo De Luca|Ariano Irpino|Avellino|Salerno|Atena|Caggiano|Polla,confinement,ITA,2020-03-15,na,1,O
86dd1471-796a-40cb-9d3e-97f5580e7bc4,ec21a8f3-7480-4114-8fe9-f7961c123472,a2bff85a-8fe2-11ea-a170-069b8ffc8dc8_288,https://en.wikipedia.org/wiki/COVID-19_pandemic_in_Italy,2020-05-06_d0cba9ae-8fda-11ea-b351-069b8ffc8dc8,2020-05-06,"On 16 March, President of Emilia-Romagna Stefano Bonaccini imposed a strengthened quarantine on the municipality of Medicina, near Bologna, since it had developed an intense outbreak.",https://bologna.repubblica.it/cronaca/2020/03/16/news/coronavirus_medicina_e_zona_rossa_vietato_entrare_e_uscire-251412467/,,Medicina|Bologna,confinement,ITA,2020-03-16,na,1,O
ee4974ac-c0f5-48cc-b388-159c36cb4eee,86278df2-c78c-4b1a-baf9-7c977feb53a3,a2bff85a-8fe2-11ea-a170-069b8ffc8dc8_302,https://en.wikipedia.org/wiki/COVID-19_pandemic_in_Italy,2020-05-06_d0cba9ae-8fda-11ea-b351-069b8ffc8dc8,2020-05-06,"On 23 February 2020, Austria suspended all trains to and from Italy for a few hours because of suspected cases.",https://news.sky.com/story/coronavirus-towns-in-lockdown-as-italy-races-to-contain-europes-biggest-outbreak-11941438,,Austria|Italy,public transportation,ITA,2020-02-23,na,1,O
8120f47e-122f-4cd6-967b-d5d93d47fd45,0c2ef0b5-fc90-4913-9c15-107a69705612,a2bff85a-8fe2-11ea-a170-069b8ffc8dc8_394,https://en.wikipedia.org/wiki/COVID-19_pandemic_in_Italy,2020-05-06_d0cba9ae-8fda-11ea-b351-069b8ffc8dc8,2020-05-06,"In some regions, hotels were used to host healthcare workers or patients, and in Liguria a ship was adapted to host people in quarantine.",https://www.ilfattoquotidiano.it/2020/04/01/coronavirus-a-roma-alberghi-requisiti-per-ospitare-i-pazienti-in-via-di-guarigione-il-piano-della-regione-lazio-per-affrontare-lemergenza/5756431/|https://www.ilsole24ore.com/art/pronta-splendid-prima-nave-ospedale-degenti-post-covid-19-AD6NHJE,,Liguria,confinement,ITA,2020-03-17,na,1,O
4572282b-36b8-4e47-8f93-5c5523b71d0d,af68474e-e35c-4fb4-996a-b79ea21c27b1,a2bff85a-8fe2-11ea-a170-069b8ffc8dc8_421,https://en.wikipedia.org/wiki/COVID-19_pandemic_in_Italy,2020-05-06_d0cba9ae-8fda-11ea-b351-069b8ffc8dc8,2020-05-06,"The sectors of tourism, accommodation and food services were among the hardest hit by foreign countries' limitations to travel to Italy, and by the nationwide lockdown imposed by the government on 8 March.",https://www.theguardian.com/travel/2020/mar/17/nothing-less-than-a-catastrophe-venice-left-high-and-dry-by-coronavirus,,Italy,introduction of travel quarantine policies,ITA,2020-03-08,na,1,O
80fecece-be0a-44d9-a93c-1c6c23b5ea90,c9e06a1b-8879-408c-90df-c1a60d7ea8a2,a2bff85a-8fe2-11ea-a170-069b8ffc8dc8_424,https://en.wikipedia.org/wiki/COVID-19_pandemic_in_Italy,2020-05-06_d0cba9ae-8fda-11ea-b351-069b8ffc8dc8,2020-05-06,"Multiple factories, like Fiat Chrysler, halted production in some of their plants.",https://www.ft.com/content/d0565f72-5fcf-11ea-b0ab-339c2307bcd4,,Fiat Chrysler,work restrictions,ITA,2020-03-12,na,1,O
c5fe4e3a-28e1-42fd-ae60-4a2a6076817d,65bda5c1-bb17-4b02-8004-fd6aed796d90,a2bff85a-8fe2-11ea-a170-069b8ffc8dc8_6,https://en.wikipedia.org/wiki/COVID-19_pandemic_in_Italy,2020-05-06_d0cba9ae-8fda-11ea-b351-069b8ffc8dc8,2020-05-06,"In February, eleven municipalities in northern Italy were identified as the centres of the two main Italian clusters and placed under quarantine.",https://www.repubblica.it/cronaca/2020/02/22/news/coronavirus_in_italia_aggiornamento_ora_per_ora-249241616/,,Italy,confinement,ITA,2020-02-06,na,1,O
1ca0c19a-2f31-4166-a4a7-61f8ece41cd5,6c3693d2-1666-48d6-a3eb-f718ecabd826,a2bff85a-8fe2-11ea-a170-069b8ffc8dc8_271,https://en.wikipedia.org/wiki/COVID-19_pandemic_in_Italy,2020-05-06_d0cba9ae-8fda-11ea-b351-069b8ffc8dc8,2020-05-06,"It included also the possibility of reducing or suspending public and private transport, and gave the regional governments power to impose additional restrictive regulations in their Regions for a maximum of seven days before being confirmed by national decree.",https://www.ilpost.it/2020/03/24/decreto-restrizioni-sanzioni-coronavirus/,,,freedom of movement (nationality dependent),ITA,2020-03-24,na,1,O
780b8b9c-ae7d-440e-84b3-c29363a5e377,fc1426d2-c7fe-4acd-9a6b-944d2b068b92,a2bff85a-8fe2-11ea-a170-069b8ffc8dc8_276,https://en.wikipedia.org/wiki/COVID-19_pandemic_in_Italy,2020-05-06_d0cba9ae-8fda-11ea-b351-069b8ffc8dc8,2020-05-06,"On 8 April, a government's decree closed all Italian ports until 31 July, stating that they do not ensure the necessary requirements for the classification and definition of ""safe place"", established by the Hamburg RulesÂ on maritime search and rescue.",https://www.huffingtonpost.it/entry/litalia-chiude-i-porti_it_5e8d89f2c5b6e1d10a6c2671?yhj&utm_hp_ref=it-homepage,,Italy,freedom of movement (nationality dependent),ITA,2020-04-08,na,1,O
3ad75c36-c8d2-4aec-acf6-8bc34cd56ba5,39b95f23-a776-4692-8896-7e74e01d9c00,a2bff85a-8fe2-11ea-a170-069b8ffc8dc8_284,https://en.wikipedia.org/wiki/COVID-19_pandemic_in_Italy,2020-05-06_d0cba9ae-8fda-11ea-b351-069b8ffc8dc8,2020-05-06,"May. Movements across regions would still be forbidden, while the ones between municipalities would be allowed only for work and health reasons, as well as for visits to relatives.",https://www.bbc.com/news/amp/world-europe-52435273,,Italy,freedom of movement (nationality dependent),ITA,2020-04-26,na,1,O
2bcba227-da23-4cef-a3fa-a5a9ac77973a,dad26635-3c56-493b-920c-b649eb6fe489,a2bff85a-8fe2-11ea-a170-069b8ffc8dc8_289,https://en.wikipedia.org/wiki/COVID-19_pandemic_in_Italy,2020-05-06_d0cba9ae-8fda-11ea-b351-069b8ffc8dc8,2020-05-06,People were not allowed to enter or exit the town for any reason.,https://bologna.repubblica.it/cronaca/2020/03/16/news/coronavirus_medicina_e_zona_rossa_vietato_entrare_e_uscire-251412467/,,Medicina|Bologna,freedom of movement (nationality dependent),ITA,2020-03-16,na,1,O
c20eb9cb-8081-48c8-a850-09fb9778c851,58d71e01-be5f-4dcd-9a3a-a6b174eb656a,a2bff85a-8fe2-11ea-a170-069b8ffc8dc8_297,https://en.wikipedia.org/wiki/COVID-19_pandemic_in_Italy,2020-05-06_d0cba9ae-8fda-11ea-b351-069b8ffc8dc8,2020-05-06,"The lockdown affects over 16 million people, roughly a quarter of Italy's total population, and prevents people from entering or leaving the zone, except ""for proven occupational needs or situations of need or for health reasons"", under threat of fines.",https://www.corriere.it/cronache/20_marzo_08/coronavirus-ecco-come-funzionano-nuove-regole-rispettare-d657e654-611c-11ea-8f33-90c941af0f23.shtml|https://www.theguardian.com/world/2020/mar/08/coronavirus-italy-quarantine-virus-reaches-washington-dc,,Italy,freedom of movement (nationality dependent),ITA,2020-03-07,na,1,O
002e0e29-bafb-449d-84dc-27a6c9a86a8b,841defc6-c0e6-11ea-8517-eeee0af72e81,d37f7d80-8fe2-11ea-a170-069b8ffc8dc8_268,https://en.wikipedia.org/wiki/COVID-19_pandemic_in_Europe,2020-05-06_d0cba9ae-8fda-11ea-b351-069b8ffc8dc8,2020-05-06,Early in April Malta and Italy closed their ports to vessels carrying asylum seekers from North Africa.,https://euobserver.com/migration/148058,,ITA,freedom of movement (nationality dependent),ITA,2020-04-06,other,1,O
8e235ca4-cde6-44bf-abbc-71b979de7945,6b73091c-d0a3-11ea-a4e6-eeee0af63fc2,ba07b858-cc2e-11ea-baf6-85d552857603_159,https://en.wikipedia.org/w/index.php?title=COVID-19_pandemic_in_Italy&oldid=968892796,2020-07-22_33a5590a-cc2e-11ea-bc9c-e5a08e1a5210,2020-07-22,Authorities in Piedmont cancelled the last three days of the Carnival of Ivrea.,https://www.lastampa.it/cronaca/2020/02/24/news/ivrea-addio-guerra-delle-arance-e-la-quarta-volta-nella-storia-1.38507893,None,Piedmont|Carnival of Ivrea,entertainment/cultural sector closure,ITA,2020-02-23,na,1,O
1b966bb2-fc68-439c-866a-8f474a0a21f0,e8f249a2-d0a3-11ea-a3d3-eeee0af63fc2,ba07b858-cc2e-11ea-baf6-85d552857603_194,https://en.wikipedia.org/w/index.php?title=COVID-19_pandemic_in_Italy&oldid=968892796,2020-07-22_33a5590a-cc2e-11ea-bc9c-e5a08e1a5210,2020-07-22,"Expocasa, a furniture fair in Turin, was rescheduled initially to 28 March to 5 April",,None,Expocasa|Turin,entertainment/cultural sector closure,ITA,2020-03-28,na,1,O
f8e603bd-466c-44de-9ee4-5fe4d1b6f7b3,5d2d5aa0-d0a4-11ea-a0a2-eeee0af7bc4e,ba07b858-cc2e-11ea-baf6-85d552857603_285,https://en.wikipedia.org/w/index.php?title=COVID-19_pandemic_in_Italy&oldid=968892796,2020-07-22_33a5590a-cc2e-11ea-bc9c-e5a08e1a5210,2020-07-22,"Starting from 18 May most businesses could reopen, and free movement was granted to all citizens within their Region; movement across Regions was still banned for non-essential motives.",,None,ITA,work restrictions,ITA,2020-05-18,Mandatory work from home enforcement for non-essential workers,0,O
f8e603bd-466c-44de-9ee4-5fe4d1b6f7b3,6cc6dc3e-d0a4-11ea-b3a9-eeee0af63fc2,ba07b858-cc2e-11ea-baf6-85d552857603_285,https://en.wikipedia.org/w/index.php?title=COVID-19_pandemic_in_Italy&oldid=968892796,2020-07-22_33a5590a-cc2e-11ea-bc9c-e5a08e1a5210,2020-07-22,"Starting from 18 May most businesses could reopen, and free movement was granted to all citizens within their Region; movement across Regions was still banned for non-essential motives.",,None,ITA,confinement,ITA,2020-05-18,Mandatory/advisedfor all the population,0,O
f8e603bd-466c-44de-9ee4-5fe4d1b6f7b3,864b28d6-d0a4-11ea-ba54-eeee0af456f2,ba07b858-cc2e-11ea-baf6-85d552857603_285,https://en.wikipedia.org/w/index.php?title=COVID-19_pandemic_in_Italy&oldid=968892796,2020-07-22_33a5590a-cc2e-11ea-bc9c-e5a08e1a5210,2020-07-22,"Starting from 18 May most businesses could reopen, and free movement was granted to all citizens within their Region; movement across Regions was still banned for non-essential motives.",,None,ITA,entertainment/cultural sector closure,ITA,2020-05-25,"Museums, theaters, cinema, libraries, festivities",0,O
af689e3d-aa0b-4550-a76f-feb0a1e2d9f0,c2a51374-d0a3-11ea-9a3e-eeee0af63fc2,ba07b858-cc2e-11ea-baf6-85d552857603_160,https://en.wikipedia.org/w/index.php?title=COVID-19_pandemic_in_Italy&oldid=968892796,2020-07-22_33a5590a-cc2e-11ea-bc9c-e5a08e1a5210,2020-07-22,"La Scala, Duomo di Milano and Piccolo Teatro in Milan, as well as Basilica Di San Marco in Venice, were closed until further notice.",https://www.avvenire.it/chiesa/pagine/milano-l-arcivescovo-delpini-un-pensiero-di-benedizione,None,Milan|Venice,entertainment/cultural sector closure,ITA,2020-02-22,"Museums, theaters, cinema, libraries, festivities",1,O
8672f1a4-f7aa-49c6-9ba3-5a4ea645feed,84e21cd4-3b38-4b1d-a108-8deb114746e6,mask-wearing-excel,None,2020-01-01-mask-wearing-excel,2020-01-01,mask-wearing-excel,https://www.thelocal.it/20200428/coronavirus-where-should-you-wear-a-face-mask-in-italy,None,None,mask wearing,ITA,2020-05-04,Mandatory,1,O
9eac8e8c-388a-481c-ac0c-18cb37f3e3d3,87557b76-e6c7-11ea-913c-eeee0af7c302,cfa8733c-e263-11ea-84a4-63df0619346f_298,https://en.wikipedia.org/w/index.php?title=COVID-19_pandemic_in_Italy&oldid=973892308,2020-08-19_e6647ac2-e262-11ea-b94c-3d82666f28da,2020-08-19,"Due to the recent spike in Covid-19 cases in August, Italy’s health minister, Roberto Speranza announced the closure of nightclubs in some parts of the country and made masks mandatory between 6 pm and 6 am, in crowded areas and at social gatherings.",,https://en.wikipedia.org/w/index.php?title=COVID-19_pandemic_in_Italy&oldid=973892308,ITA,entertainment/cultural sector closure,ITA,2020-08-17,"Bars, restaurants, night clubs",1,O
9eac8e8c-388a-481c-ac0c-18cb37f3e3d3,931bc992-e6c7-11ea-898d-eeee0af635f0,cfa8733c-e263-11ea-84a4-63df0619346f_298,https://en.wikipedia.org/w/index.php?title=COVID-19_pandemic_in_Italy&oldid=973892308,2020-08-19_e6647ac2-e262-11ea-b94c-3d82666f28da,2020-08-19,"Due to the recent spike in Covid-19 cases in August, Italy’s health minister, Roberto Speranza announced the closure of nightclubs in some parts of the country and made masks mandatory between 6 pm and 6 am, in crowded areas and at social gatherings.",,https://en.wikipedia.org/w/index.php?title=COVID-19_pandemic_in_Italy&oldid=973892308,ITA,mask wearing,ITA,2020-08-17,Mandatory,1,O
